"category_id,category_name,description"
"1,Feeling,Speech word pattern those serve authority should."
"2,Young,Mean development security majority will mean."
"3,Whom,Provide author reach recognize white market."
"4,Minute,Dark respond behavior friend."
"5,Available,Which that choose how sometimes economy."
"6,Name,Would project common trip."
"7,Road,Church moment father nice wonder peace."
"8,Institution,Professor spend happy bring contain."
"9,Industry,Staff recognize trade stock writer manage."
"10,Cost,Station note control sell federal employee."
"11,Outside,Message start item couple."
"12,Star,Down hundred tonight six through wall service."
"13,Can,House today yeah."
"14,Whatever,Development subject whatever issue play."
"15,Prepare,Before brother chair."
"16,Responsibility,Institution arrive hear imagine event tree will."
"17,Employee,Hard cut increase idea."
"18,Education,Character kind require between term."
"19,General,Sea better owner even which ball reach."
"20,Process,Choose word reason final couple Congress themselves."
"21,Owner,Compare plant better."
"22,Play,Behavior number agree game police."
"23,Too,Whole family trade face."
"24,Two,Interesting American second why."
"25,Executive,Loss might article shake people task us."
"26,Six,Skin career person weight fish home stage."
"27,Degree,Week possible space open deal bit sort."
"28,Morning,Who moment discover kitchen."
"29,Church,Space speech ground law both relationship base."
"30,Middle,Fish former pull which Congress."
"31,Mother,Majority herself several short treatment shake should."
"32,Wind,During in case play suggest any."
"33,Skin,Mission education air employee."
"34,Gas,Store war how letter try industry."
"35,Bad,Fact late a so field recognize nearly."
"36,Center,Single see century even look little."
"37,Reveal,Focus half another she charge each above."
"38,Become,Economy across friend follow rather cause."
"39,Mean,Kitchen maybe move."
"40,Drop,Ahead training small suffer build choose."
"41,Similar,Skin cut dog within add."
"42,Yard,Only try successful tax hope meeting."
"43,Hair,Garden station down."
"44,Economy,Decade run common sort."
"45,Though,When quickly case sign."
"46,Him,Spring difficult actually institution."
"47,Finish,Against fight computer tree."
"48,As,In American wear size."
"49,Tonight,Finish own in seem should eat heart compare."
"50,Lay,Establish something drive."
"51,That,Rate budget leg I debate."
"52,Those,Skill western player kid such receive."
"53,Simply,Crime rise war military."
"54,Probably,Data agreement TV while name staff."
"55,Cell,Often must make well include live."
"56,List,Ahead bit soldier seek."
"57,Piece,Security step edge action stock."
"58,Human,Our attention conference police including."
"59,Others,Outside most us role direction another."
"60,Agree,Fact positive size art protect."
"61,Until,Father really some her."
"62,Establish,Particularly letter should catch listen ever art."
"63,Have,Also knowledge memory company team usually nice."
"64,While,Process on fine fast."
"65,Instead,She leg happen world realize make attack."
"66,Conference,Officer page kind ask."
"67,Thousand,Hope realize choice yes."
"68,Job,Interest military respond help school level reveal."
"69,Either,System per industry good land political north."
"70,Perhaps,Tree student total off defense couple."
"71,Full,Wonder size accept."
"72,Produce,Stand hour economy up claim."
"73,Discussion,Information rich gas maintain."
"74,Especially,Scientist long parent newspaper picture."
"75,Night,Physical development recently much than information yourself."
"76,Its,Today personal choice color collection whole important lawyer."
"77,Learn,Large authority ever expert more beat."
"78,Necessary,You evening move some discussion true take."
"79,Before,Simply son rate conference top course few."
"80,Yes,Realize executive north."
"81,Group,Theory remain employee center teacher sea opportunity hospital."
"82,Order,No base range development."
"83,Require,Those again same close."
"84,Animal,Cut leader color nice question without physical."
"85,Audience,Change arm article pressure week woman culture pull."
"86,Energy,Week wind hour site."
"87,Pull,Avoid good scene social would."
"88,Friend,Including interest and usually fly reduce fact."
"89,Traditional,Like maybe southern beautiful four whose."
"90,Large,None significant military order."
"91,Walk,Address life friend soon suggest."
"92,Assume,Parent military skin of trial."
"93,Certainly,Foot pressure alone son along subject."
"94,Science,Firm need maintain music rich election."
"95,Like,Something on generation service walk."
"96,Without,Student large cut rich huge candidate."
"97,Win,Leg both law science write would."
"98,Life,Over nothing move bit man system."
"99,Away,Join although argue yard."
"100,Color,Radio back relate wonder wonder see air."
"101,Trip,Part special peace yard receive customer professor."
"102,Result,Can act first work partner."
"103,Season,Everybody single seem plan population movie message."
"104,Travel,Character team show total room to."
"105,South,Prove respond form around police skill build."
"106,Across,Remember color we."
"107,Important,Arm gas industry seek."
"108,Describe,Life arrive seem including test face stock."
"109,Size,Throughout by good she."
"110,Several,Experience first along standard admit."
"111,Authority,Help national when only grow office movie."
"112,Best,However she agent our each."
"113,Carry,Source get quite."
"114,Debate,Deal paper would."
"115,Prove,Only per meet us sense."
"116,Top,Offer however beautiful newspaper."
"117,Age,Around avoid company fill."
"118,Scene,Window hotel sense indeed himself different."
"119,Most,His quite myself almost floor several young."
"120,Yourself,Father never avoid indeed."
"121,Sing,High behind gun story number team test."
"122,Give,Wonder suggest maintain toward sound coach responsibility."
"123,Increase,Where where tell great maybe."
"124,Pressure,Floor me shoulder appear prepare."
"125,Little,Base force three prove three something air type."
"126,Management,Under partner position face investment."
"127,Phone,Lot meet power of happy."
"128,Ever,Theory purpose very any over."
"129,Spring,Seek baby job catch."
"130,Leader,Improve yes walk born treat."
"131,Help,Meeting sell great hope."
"132,Expect,Deal goal people affect."
"133,Hospital,Born staff check former because."
"134,Dark,Or early direction last we way."
"135,Wonder,Scene according film control would arrive PM."
"136,Mouth,Group to agency specific."
"137,Fast,Should Mrs factor address program job."
"138,Approach,Already hair learn beautiful fly head."
"139,Himself,Every article act tree value."
"140,Around,Beyond player test out federal position field."
"141,The,Area student give final fly focus."
"142,Subject,Trip final reality win these attack."
"143,Different,Sound plan author fire."
"144,Lot,Head education can arm night carry."
"145,Charge,Kid want between writer she chance bring."
"146,Read,Report evening positive always our."
"147,Language,Wall attorney left talk."
"148,Inside,Over example both."
"149,Black,Role expert phone else organization owner police."
"150,Matter,Seat director see truth us lose attention."
"151,Society,Manage PM away consider sister baby size who."
"152,Rule,Choose decide term newspaper eight."
"153,Southern,Team rock go."
"154,Example,After red over rule study investment."
"155,Up,Alone decade finally clearly."
"156,Tree,Economy deep then risk."
"157,Natural,Painting form reveal standard."
"158,Evening,Admit language capital guess baby common politics."
"159,Receive,Responsibility find media."
"160,Politics,Visit term fight really bed away either."
"161,Exactly,Late again usually tax."
"162,Common,Economic end movie just."
"163,Product,Join organization fight just move shoulder."
"164,Manage,Certain whether low sea huge education power."
"165,Rich,Size more impact card heart play."
"166,Know,Able establish serious thought."
"167,Continue,Campaign others left why onto world."
"168,Study,Scene cut late go land sort them."
"169,Else,Radio letter owner away town building special."
"170,Bit,Face against marriage suddenly budget."
"171,Heart,Side prevent brother stay."
"172,Want,Mr trial there particularly."
"173,Other,All way child reach raise."
"174,Trade,Cost present face avoid billion play bad."
"175,Special,Look run good."
"176,Not,Throw real grow environment move draw floor."
"177,Rather,Pull part perhaps history establish over."
"178,Deep,Want least fire sing rock big."
"179,Source,Perform than person set them thousand responsibility."
"180,Region,West hit after issue."
"181,View,Total people cup trial forward."
"182,Add,Recognize together subject generation."
"183,Leg,Executive several argue behavior serious performance environment."
"184,Food,Police probably decision cold."
"185,More,Skin billion agency ask baby."
"186,Dinner,Magazine consider quite even fast by before risk."
"187,Republican,Serve carry write likely under strong."
"188,Son,Choose heavy medical usually."
"189,Represent,Star social design scientist spend."
"190,Defense,Form message sport policy something college pass."
"191,Section,Fill improve affect close million class."
"192,Question,My front country agree red teacher."
"193,Relationship,Step certainly night yeah difficult story."
"194,Government,Any be type opportunity marriage rule artist."
"195,Knowledge,Majority southern name which probably her person."
"196,Agency,Truth only just apply interview mind safe chance."
"197,Issue,Service family yourself despite."
"198,Go,Series name hospital catch kind learn writer."
"199,Student,Data really talk vote cup deep step vote."
"200,Green,Natural something attention."
