"order_id,user_id,order_status,total_amount,order_date,shipping_address,payment_method_id"
"1,2073,Shipped,1325.89,2024-04-26 06:04:58,""35488 Julie Summit"
"Velazquezport, NV 35156"",2"
"2,587,Completed,4524.38,2024-02-05 19:29:59,""5780 Jacob Dale Suite 086"
"Harrellmouth, PA 21246"",5"
"3,1718,Cancelled,4488.03,2024-04-02 19:42:19,""87947 Garcia Drive Apt. 358"
"Bradyfort, NJ 06136"",2"
"4,2964,Shipped,1121.82,2024-05-29 02:44:54,""59983 Matthew Ramp"
"South Audrey, NJ 45497"",4"
"5,1576,Cancelled,1667.07,2024-02-27 17:19:29,""15085 Webb Park Suite 183"
"Victoriaton, DC 24083"",5"
"6,3318,Cancelled,1399.02,2024-05-14 09:16:28,""PSC 4024, Box 6459"
"APO AE 76573"",3"
"7,553,Completed,1706.61,2024-02-05 14:35:43,""6913 Jones Harbor"
"Johnsonburgh, LA 12104"",2"
"8,1755,Shipped,465.2,2024-01-07 05:40:11,""05898 Hansen Glen"
"Port Dylanton, MO 91009"",2"
"9,1419,Pending,2008.71,2024-08-06 09:05:02,""197 Delgado Curve Apt. 782"
"Cookemouth, KY 83177"",2"
"10,551,Cancelled,1047.05,2024-04-11 21:24:00,""56183 David Landing Suite 030"
"Barryland, IL 84339"",5"
"11,2380,Completed,1985.6,2024-05-28 10:14:57,""5397 Christine Haven"
"Everettside, IA 73865"",2"
"12,3179,Pending,617.31,2024-09-01 13:46:28,""0803 Nathan Isle"
"New Aliciahaven, PW 10037"",3"
"13,1065,Shipped,1933.95,2024-08-16 09:19:02,""PSC 1142, Box 6815"
"APO AA 56789"",5"
"14,869,Shipped,217.8,2024-08-25 15:26:23,""38898 Jeffery Shoal Apt. 136"
"Kennedytown, MA 19144"",2"
"15,1630,Pending,4021.81,2024-09-21 09:55:15,""7039 Erickson Mission Apt. 304"
"East Bobbymouth, FM 90782"",2"
"16,2669,Pending,3113.41,2024-06-06 01:16:31,""1086 David Bridge"
"North Alexisland, FL 53841"",5"
"17,1803,Completed,4064.77,2024-05-12 20:48:49,""31108 Julie Light"
"Lake Timothy, VA 06323"",3"
"18,1799,Shipped,454.09,2024-08-23 13:20:40,""245 Tami Fork Apt. 926"
"Nicholsstad, PR 36320"",2"
"19,2672,Completed,3777.29,2024-09-09 21:44:05,""11176 Miller Ramp Apt. 854"
"Thomasshire, AL 63656"",4"
"20,3212,Shipped,903.47,2024-02-13 03:03:51,""USNS Jackson"
"FPO AA 96994"",5"
"21,2907,Pending,2592.96,2024-01-18 10:39:38,""9327 Keith Forge"
"North Kathrynfort, MI 82813"",3"
"22,608,Pending,2338.1,2024-02-21 10:16:47,""457 Rhodes Center Suite 713"
"Davidbury, FL 17532"",3"
"23,2721,Shipped,4297.97,2024-01-05 14:56:21,""Unit 9955 Box 5178"
"DPO AP 61979"",5"
"24,2906,Cancelled,1092.41,2024-07-27 01:49:01,""11821 Miller Neck"
"Kevintown, VT 90429"",5"
"25,2154,Cancelled,1944.83,2024-04-27 03:53:00,""305 Michael Coves Apt. 056"
"New Jasmine, IN 03746"",1"
"26,2197,Shipped,4256.91,2024-01-26 15:14:19,""53959 Erik Vista"
"North Reginamouth, ID 98446"",4"
"27,179,Completed,2300.35,2024-04-08 14:37:32,""Unit 4729 Box 3103"
"DPO AA 49252"",4"
"28,3445,Completed,2267.63,2024-08-07 20:18:24,""903 Juan Cliffs Apt. 987"
"Franciscochester, MN 61577"",3"
"29,186,Completed,119.04,2024-07-18 08:27:27,""9393 Melissa Fork Suite 387"
"Lefort, MN 44924"",1"
"30,169,Shipped,2629.3,2024-09-19 08:23:59,""92963 Wilson Valleys Suite 690"
"Curtiston, CA 95137"",5"
"31,1037,Cancelled,4162.53,2024-03-18 11:42:57,""Unit 3097 Box 3195"
"DPO AP 37814"",3"
"32,3090,Shipped,2663.9,2024-02-05 23:26:26,""9851 Bowen Harbor Suite 350"
"Townsendfort, VT 84893"",4"
"33,1079,Pending,1062.54,2024-05-13 13:50:39,""94516 Mills Orchard Suite 132"
"West Alexis, ID 21055"",2"
"34,1850,Cancelled,2153.72,2024-09-06 23:08:49,""60340 Jackson Fields Apt. 128"
"West Aaronfort, AL 22861"",2"
"35,2602,Cancelled,4297.59,2024-02-11 18:44:44,""373 Miller Mill"
"North Kellyhaven, FL 29971"",1"
"36,178,Shipped,2902.16,2024-05-18 21:41:19,""Unit 0702 Box 5274"
"DPO AE 24294"",2"
"37,1247,Completed,2093.11,2024-08-13 04:02:33,""46167 Ellen Locks"
"South Brandybury, DC 69531"",2"
"38,2671,Shipped,2417.2,2024-06-09 16:17:33,""33695 Jacobson Ports"
"Thompsonton, OK 29310"",5"
"39,64,Shipped,3055.55,2024-08-28 05:35:24,""4669 Ortiz Ford Apt. 086"
"East Doriston, MN 15310"",4"
"40,2571,Completed,2721.79,2024-02-03 20:49:09,""9134 Jason Drive"
"New Jacqueline, AR 95827"",5"
"41,2962,Cancelled,1034.04,2024-07-22 06:03:34,""Unit 4993 Box 4488"
"DPO AA 93749"",2"
"42,2128,Completed,3395.67,2024-04-02 17:36:08,""846 Patrick Port Suite 749"
"Cranemouth, MO 40956"",5"
"43,2738,Shipped,4458.19,2024-09-24 01:59:36,""084 Foster Hollow Suite 865"
"Lake Franciscoview, UT 96262"",4"
"44,2614,Shipped,4726.0,2024-06-15 02:09:18,""15554 Dana Wells Apt. 007"
"South Jamie, MI 90348"",1"
"45,2528,Cancelled,2187.19,2024-04-19 14:40:47,""8113 Armstrong Tunnel"
"East Monica, NE 39835"",4"
"46,1966,Completed,3761.23,2024-04-29 23:41:26,""60860 Angela Groves Apt. 939"
"Deleonchester, NJ 54715"",4"
"47,1457,Shipped,3116.37,2024-05-29 13:07:54,""364 Lee Drives Suite 508"
"North Pamelaview, GU 88345"",5"
"48,2180,Cancelled,4027.36,2024-08-10 08:10:08,""3209 Meyers Hills"
"Port Jeffrey, MN 19318"",5"
"49,1545,Completed,3572.51,2024-02-07 11:12:56,""756 Julie Way"
"Carlosshire, WY 03989"",4"
"50,1294,Pending,4416.22,2024-05-07 03:05:26,""USCGC Morrison"
"FPO AA 13667"",4"
"51,2177,Pending,3581.91,2024-07-09 05:52:31,""100 Matthew Hills Suite 569"
"Danielborough, SD 06595"",1"
"52,720,Cancelled,1578.1,2024-03-24 14:38:58,""205 Guerrero Field Suite 010"
"Torrestown, OR 76906"",5"
"53,1976,Completed,1798.33,2024-09-20 17:00:05,""6210 Krystal Hills Suite 328"
"South Michelleville, NV 08713"",3"
"54,3170,Cancelled,2349.37,2024-01-22 08:50:07,""4169 Thomas Manors"
"Thomasfurt, WV 57837"",1"
"55,662,Completed,3043.34,2024-09-02 19:05:51,""54929 Weber Brook"
"Frankhaven, MI 45764"",2"
"56,111,Shipped,4321.15,2024-09-01 20:50:33,""309 Davis Mount Apt. 931"
"Lake Tyler, WI 94848"",3"
"57,1947,Shipped,2136.87,2024-02-06 19:43:41,""083 Shelby Fort Suite 474"
"Castillomouth, WA 77223"",5"
"58,795,Cancelled,2228.4,2024-01-01 18:31:46,""42993 David Shores"
"New Victor, TX 67372"",4"
"59,1698,Completed,4768.9,2024-02-15 06:17:55,""296 Teresa Cliff"
"Jonathanport, ND 70331"",5"
"60,221,Pending,4402.61,2024-06-14 06:40:37,""986 Charles Ports"
"North Brian, WI 56220"",2"
"61,77,Pending,1593.26,2024-03-01 20:16:55,""465 Smith Shores"
"Lake Destiny, ID 71114"",5"
"62,1579,Pending,3411.14,2024-01-14 17:06:34,""8957 Charles Cove"
"South Kevinmouth, CA 44880"",1"
"63,3001,Cancelled,4914.78,2024-05-07 03:00:13,""947 Tammy Mountains"
"North Sylvia, ME 51752"",5"
"64,164,Completed,1693.28,2024-02-10 16:42:48,""41306 Kristen Island"
"Wadeborough, NJ 33475"",1"
"65,393,Cancelled,93.26,2024-03-07 13:18:08,""00257 Julie Way Suite 937"
"Port Ashleytown, PA 13075"",1"
"66,2009,Completed,2733.42,2024-01-26 08:11:24,""19253 Stephanie Loaf"
"Connertown, CO 85473"",3"
"67,2771,Completed,3829.47,2024-03-30 01:32:14,""Unit 4936 Box 7465"
"DPO AE 13275"",4"
"68,2446,Cancelled,2727.35,2024-07-22 05:28:53,""3963 Barajas Island"
"Floydfort, OH 63953"",2"
"69,2501,Shipped,4690.51,2024-05-12 09:10:12,""39552 Matthew Meadow Apt. 120"
"Port Deborahstad, AS 88351"",1"
"70,2839,Shipped,2105.98,2024-07-12 07:13:42,""0169 Stephens Viaduct"
"North Jerrymouth, MD 56101"",4"
"71,635,Pending,1718.3,2024-09-06 21:36:42,""401 Karen Avenue"
"Wrightmouth, NE 30774"",1"
"72,2336,Completed,2215.3,2024-05-25 07:30:23,""530 Myers River"
"Duncanmouth, TN 72113"",5"
"73,1279,Cancelled,1745.67,2024-06-21 16:27:40,""9779 Chambers Street Apt. 954"
"Mcconnellfort, PA 88009"",1"
"74,2794,Cancelled,4977.66,2024-07-06 11:48:40,""972 David Village"
"South Sarah, WY 27185"",3"
"75,454,Shipped,605.66,2024-03-18 06:16:44,""USNS Boyd"
"FPO AA 29521"",5"
"76,1583,Pending,2432.66,2024-03-19 13:12:22,""56759 Christopher Lakes Apt. 991"
"Jasonhaven, MN 93474"",3"
"77,1802,Cancelled,4811.71,2024-05-06 18:58:17,""USNV Townsend"
"FPO AA 96092"",1"
"78,916,Shipped,2302.04,2024-07-21 02:11:03,""823 Smith Extension Suite 263"
"Port Johnmouth, DE 44180"",1"
"79,2527,Completed,1605.14,2024-07-04 14:50:51,""Unit 5093 Box 5234"
"DPO AP 92907"",3"
"80,684,Completed,566.51,2024-09-18 08:24:47,""87321 Patrick Fort"
"Lynchton, PR 27014"",1"
"81,2615,Pending,4588.75,2024-06-24 19:57:24,""597 Andrew Viaduct Suite 239"
"Meghanside, GU 37351"",1"
"82,2761,Completed,4937.66,2024-04-08 00:39:45,""6502 Robertson Run"
"Myersbury, ID 28624"",2"
"83,2598,Shipped,3159.17,2024-08-23 22:53:16,""19835 Kimberly Prairie"
"Lake Robertaside, MA 33232"",5"
"84,456,Pending,589.59,2024-06-24 16:24:35,""4477 Brown Coves Apt. 643"
"Reyesfort, VI 77659"",4"
"85,2025,Shipped,1512.64,2024-09-25 07:08:45,""PSC 7241, Box 0237"
"APO AP 79819"",3"
"86,2094,Completed,1264.69,2024-06-26 10:00:36,""576 Leach Valleys"
"Port Charlestown, MH 09221"",4"
"87,1134,Cancelled,4905.4,2024-05-15 12:41:16,""USS Beck"
"FPO AA 99578"",2"
"88,2141,Cancelled,2946.09,2024-01-27 07:21:34,""895 Wu Highway"
"Darrellfort, TN 45593"",1"
"89,2648,Pending,2820.15,2024-07-08 17:22:58,""250 Petty Keys Apt. 295"
"Port Heathermouth, GU 47129"",5"
"90,447,Cancelled,3666.66,2024-08-19 23:23:42,""1936 Kevin Radial"
"Joshuaburgh, KY 18847"",3"
"91,2726,Completed,3307.24,2024-07-24 05:28:10,""902 Kathryn Road Suite 094"
"South Theresafort, IA 85041"",5"
"92,2624,Completed,748.32,2024-01-07 09:24:34,""1468 Cross Wells Suite 280"
"Haileyport, IN 70569"",1"
"93,2177,Shipped,2088.35,2024-03-22 11:33:42,""261 Angela Street"
"Lewisberg, DC 72648"",2"
"94,247,Shipped,3270.59,2024-07-02 14:02:02,""49724 Robert Crest"
"Grantmouth, UT 35456"",3"
"95,325,Shipped,1678.93,2024-05-21 23:18:05,""Unit 8156 Box 9334"
"DPO AE 95622"",4"
"96,3020,Shipped,3037.58,2024-08-26 09:26:04,""173 Margaret Inlet"
"Belindashire, FM 81729"",1"
"97,893,Shipped,2740.27,2024-08-25 11:40:08,""2889 Amanda Plain Apt. 480"
"Lake Dannymouth, CT 77408"",2"
"98,72,Completed,3203.32,2024-08-23 20:31:15,""4308 Callahan Village"
"West Alanview, KS 77454"",2"
"99,524,Completed,1537.68,2024-08-07 07:27:52,""PSC 5048, Box 2309"
"APO AA 94875"",5"
"100,371,Cancelled,4472.17,2024-01-31 04:35:53,""21918 Leonard Plain Apt. 271"
"Damonborough, NV 35041"",1"
"101,2597,Cancelled,4111.82,2024-07-02 19:36:56,""233 April Mountain"
"Danielfurt, OK 03019"",1"
"102,2871,Completed,4395.98,2024-06-19 09:28:33,""47104 Robinson Road"
"Alexisland, DC 35994"",3"
"103,1486,Pending,4042.41,2024-05-25 12:54:21,""65765 Richards Rue Suite 740"
"Port Terry, DC 33725"",2"
"104,2794,Pending,3588.64,2024-04-12 02:49:06,""8440 Elizabeth Island Apt. 493"
"West Allisonland, PA 22773"",3"
"105,2045,Shipped,2221.33,2024-08-19 22:24:10,""USCGC Meyers"
"FPO AE 68904"",3"
"106,1870,Completed,3127.28,2024-09-05 09:32:22,""570 Rodriguez Radial Apt. 633"
"Lake Jennafort, PW 98943"",5"
"107,2982,Shipped,3561.36,2024-01-06 05:03:56,""722 Richard Shoal"
"Edwardstown, RI 69378"",5"
"108,3028,Cancelled,3033.57,2024-07-06 20:54:43,""5243 Jaclyn Center"
"Sandraborough, NH 37946"",3"
"109,1105,Pending,1577.95,2024-08-22 02:07:27,""331 Perez Run Suite 624"
"South Roger, WA 62102"",5"
"110,1725,Shipped,679.41,2024-09-09 11:50:07,""6571 Yolanda Crescent"
"South Tinabury, OK 41427"",5"
"111,1433,Cancelled,2143.05,2024-02-20 11:30:18,""2821 Pamela Hill Apt. 621"
"Lewismouth, WV 18389"",4"
"112,2332,Pending,4367.51,2024-06-14 08:46:43,""27350 Peter Flat Apt. 434"
"Destinychester, MO 08122"",2"
"113,3447,Completed,2039.81,2024-06-18 07:17:44,""783 Love Tunnel"
"Brownstad, NE 04309"",3"
"114,3485,Cancelled,4961.33,2024-08-05 01:51:10,""578 William Lane"
"Charlestown, CA 84516"",5"
"115,2719,Shipped,4519.08,2024-08-19 14:01:34,""95285 Jared Villages Apt. 477"
"Vargasbury, SC 62226"",2"
"116,524,Pending,464.86,2024-09-17 09:40:29,""USS Cox"
"FPO AP 66357"",4"
"117,2654,Shipped,4698.36,2024-01-30 05:35:13,""2129 Mary Key Apt. 332"
"East Erinton, MH 55934"",2"
"118,711,Completed,688.28,2024-03-08 10:22:40,""664 Barker Forks"
"West Robertton, IA 16359"",1"
"119,2217,Completed,405.66,2024-07-30 01:03:11,""01326 Elliott Curve Suite 364"
"Rogersfort, WI 23975"",5"
"120,3424,Shipped,3756.34,2024-08-20 06:47:49,""769 Dawson Islands Suite 627"
"Larrystad, TN 66440"",4"
"121,1764,Pending,4963.36,2024-03-28 20:28:51,""30335 Benson Overpass"
"Fernandofort, WV 38999"",5"
"122,1128,Cancelled,2670.48,2024-06-07 19:48:39,""415 Carson Skyway"
"Stephenville, TX 16850"",2"
"123,69,Completed,2821.47,2024-08-12 18:09:04,""909 Harold Plaza Apt. 961"
"West Coreytown, CT 38403"",2"
"124,1427,Cancelled,1681.95,2024-06-12 19:58:34,""4016 Perkins Run"
"Raymondtown, ID 39224"",3"
"125,381,Shipped,3148.37,2024-07-15 07:03:56,""61650 James Freeway"
"Brittneyville, HI 95609"",1"
"126,1313,Pending,2829.83,2024-09-22 12:17:51,""4689 William Forest"
"Bishoptown, VA 27875"",3"
"127,2433,Shipped,2553.37,2024-03-31 09:31:49,""4071 Evan Trace Suite 998"
"Port Jennifer, MI 42842"",3"
"128,2457,Shipped,4366.1,2024-07-26 02:01:10,""411 Diaz Locks Suite 812"
"West David, NM 46040"",5"
"129,2287,Pending,4366.04,2024-09-29 04:03:16,""44486 Miller Pines Apt. 789"
"Scottville, OK 20398"",4"
"130,629,Pending,3203.2,2024-03-21 05:17:22,""722 Manning Spurs"
"Rojasburgh, MI 33751"",5"
"131,453,Pending,4006.18,2024-04-01 20:39:11,""28007 Brown Ways Suite 196"
"Nataliefort, TN 27158"",4"
"132,3257,Cancelled,2373.45,2024-01-26 10:29:47,""6644 Williams Court Suite 496"
"South Amberton, VI 12558"",4"
"133,3478,Shipped,4335.83,2024-04-16 09:36:25,""2106 Love Mount"
"North Shannonshire, AS 11459"",5"
"134,3263,Shipped,689.43,2024-05-10 20:14:20,""38056 Julian Walk"
"West Megan, VI 39650"",3"
"135,1808,Cancelled,544.0,2024-07-23 01:29:50,""693 Sawyer Burgs"
"South Shannon, PW 13854"",4"
"136,2265,Shipped,4805.77,2024-07-23 19:33:04,""7667 Campbell Station"
"East Adrian, OK 71278"",4"
"137,3200,Shipped,2164.2,2024-02-19 16:15:32,""15574 Nielsen Groves Apt. 108"
"Josephbury, ND 90758"",2"
"138,967,Pending,3242.57,2024-04-14 00:35:51,""81131 Montoya Flat"
"South Jasonport, DE 80647"",1"
"139,2891,Shipped,3729.08,2024-01-27 13:21:42,""58852 Steven Causeway"
"Kendrahaven, IL 80364"",3"
"140,97,Cancelled,4040.82,2024-02-20 19:35:17,""7689 Obrien Ferry Suite 065"
"Cassandraside, MN 86316"",3"
"141,1551,Cancelled,1572.96,2024-09-14 21:55:09,""2790 Torres Divide Suite 892"
"Hansenport, PW 04350"",3"
"142,2537,Pending,2985.58,2024-05-30 02:34:20,""65302 James Port Suite 721"
"Curtisfurt, AZ 81823"",4"
"143,2716,Pending,4168.62,2024-07-14 02:11:18,""PSC 8222, Box 6248"
"APO AA 21211"",5"
"144,3309,Cancelled,4542.09,2024-05-20 02:41:21,""616 Daniel Ford Suite 804"
"Lindseymouth, MD 84950"",1"
"145,2762,Cancelled,1706.99,2024-02-23 21:59:34,""USCGC Fowler"
"FPO AA 75215"",4"
"146,2920,Cancelled,2578.53,2024-08-08 21:01:15,""17858 Jeffery Track"
"Jasonport, VI 23053"",3"
"147,213,Pending,155.1,2024-03-17 04:19:26,""869 Tony Course"
"Richardsonborough, NM 20316"",2"
"148,51,Pending,116.33,2024-06-24 21:36:41,""4412 Erin Light Suite 180"
"Alvarezmouth, FM 46060"",4"
"149,3334,Pending,3602.01,2024-05-17 11:34:35,""6570 Rogers Bridge Apt. 956"
"Nunezberg, KY 30436"",1"
"150,1924,Shipped,4745.2,2024-04-27 10:29:50,""8650 Hicks Trail Apt. 663"
"Hicksburgh, MA 26455"",3"
"151,1369,Cancelled,99.77,2024-04-04 12:08:15,""43515 Chad Summit"
"South Courtney, GU 94316"",1"
"152,356,Shipped,65.89,2024-04-25 22:34:37,""25439 Keith Fall"
"Lake Judithport, RI 04695"",5"
"153,2137,Cancelled,1257.29,2024-02-26 23:47:34,""8298 Todd Flats"
"West Lindafort, OR 94514"",4"
"154,518,Pending,1867.9,2024-05-04 21:00:04,""98838 Debra Passage"
"Alyssatown, SD 75930"",3"
"155,2883,Pending,4932.57,2024-01-24 00:00:23,""00996 Johnson Courts Apt. 986"
"New Jamieton, CT 31421"",3"
"156,301,Cancelled,1430.17,2024-03-22 15:12:43,""PSC 4316, Box 2557"
"APO AE 55975"",4"
"157,586,Pending,3235.51,2024-08-24 22:26:30,""5929 Lee Neck"
"North Brittanyville, WV 24648"",3"
"158,3006,Pending,661.62,2024-01-19 02:51:09,""275 Gregory Garden Suite 362"
"Spenceberg, NV 60235"",4"
"159,7,Pending,1818.37,2024-02-14 23:36:01,""663 Mullins Gateway Suite 922"
"West Andrewmouth, ME 14618"",5"
"160,2164,Pending,3065.09,2024-01-08 19:38:38,""Unit 8181 Box 4970"
"DPO AA 83261"",1"
"161,2504,Pending,1289.25,2024-08-20 14:21:09,""737 Hood Crest"
"Port Jenniferberg, MN 64142"",4"
"162,2245,Pending,1942.8,2024-02-10 20:35:39,""USS Rubio"
"FPO AA 96456"",5"
"163,1924,Completed,1079.32,2024-09-23 13:54:45,""683 Harris Landing"
"West Monica, MN 36641"",1"
"164,2099,Pending,938.42,2024-01-27 02:33:06,""PSC 4639, Box 7532"
"APO AP 13185"",3"
"165,1550,Pending,4329.29,2024-06-05 21:31:13,""Unit 7772 Box 2037"
"DPO AP 81717"",1"
"166,3253,Cancelled,1081.73,2024-08-06 14:06:15,""545 Lee Club"
"Port Kaylamouth, NE 12003"",1"
"167,2912,Pending,4432.62,2024-08-15 21:19:16,""2742 Morris Views"
"Rebeccahaven, NC 40845"",3"
"168,888,Cancelled,2854.49,2024-08-02 10:21:09,""2059 Day Springs"
"Johnsonberg, PA 28024"",4"
"169,2976,Completed,1217.71,2024-05-28 16:16:07,""099 Nguyen Highway"
"New Michael, CT 20668"",2"
"170,2568,Cancelled,1445.32,2024-02-09 19:29:18,""05285 Allen Road Apt. 253"
"West Meganview, MH 47541"",3"
"171,300,Completed,920.47,2024-07-17 01:28:43,""385 Amber Mews Suite 488"
"South Adrianashire, SD 48293"",5"
"172,175,Cancelled,3461.03,2024-02-20 14:36:25,""362 Palmer Vista Apt. 354"
"Salasfurt, NE 49844"",1"
"173,3086,Shipped,4723.41,2024-08-12 17:17:19,""37296 Martha Highway Apt. 312"
"Spencermouth, VI 26122"",2"
"174,1667,Cancelled,1986.65,2024-05-22 06:42:51,""9192 Michael Pines Suite 870"
"Wileyborough, OK 02772"",4"
"175,1292,Cancelled,2461.94,2024-08-26 05:28:18,""415 Tiffany Route"
"Kimberlyburgh, MP 14258"",1"
"176,300,Pending,3324.36,2024-06-06 03:51:46,""4057 Mary Rest"
"Lake Susan, VA 23666"",4"
"177,2250,Shipped,4946.14,2024-02-23 12:30:28,""897 Justin Points"
"Hallland, SC 98859"",5"
"178,574,Pending,4032.34,2024-08-16 01:48:16,""6833 Jerry Prairie Apt. 390"
"Katelynstad, MI 41468"",1"
"179,2452,Pending,1289.35,2024-08-11 04:24:44,""5351 Dawn Ridges Apt. 001"
"North Lori, NC 36039"",2"
"180,2312,Cancelled,2999.51,2024-07-05 14:21:14,""81889 Colon Row Apt. 718"
"Martinezton, AS 89724"",4"
"181,1642,Completed,3391.73,2024-03-26 14:46:03,""546 Christopher Branch"
"East Deborahborough, AR 47807"",3"
"182,1418,Shipped,861.32,2024-08-31 06:10:35,""7481 Katherine Mission Suite 030"
"Lake Karina, RI 82915"",4"
"183,374,Cancelled,1910.95,2024-07-26 01:06:20,""185 Williams Meadow Suite 652"
"Nicholaston, WI 33036"",3"
"184,2444,Cancelled,1192.88,2024-03-09 12:54:08,""0942 Lori Spur Suite 343"
"Rebeccaport, LA 95100"",2"
"185,83,Completed,2860.59,2024-07-31 03:15:50,""88392 David Row Suite 936"
"Danielville, CA 63768"",1"
"186,1447,Pending,338.95,2024-09-12 18:37:12,""89941 Regina Drive"
"East Melissaport, NE 24800"",5"
"187,3326,Shipped,1048.87,2024-01-25 01:59:14,""965 Thompson Terrace"
"Jorgemouth, FM 67816"",2"
"188,852,Cancelled,4625.14,2024-05-31 21:14:17,""479 Humphrey Course Apt. 108"
"Michaelchester, AK 51927"",1"
"189,3096,Cancelled,3116.79,2024-02-14 18:23:29,""213 Ware Inlet"
"Port Pamelaport, HI 14316"",2"
"190,1345,Completed,1151.54,2024-04-16 15:16:47,""208 Gabriella Neck Suite 574"
"Cunninghamfort, IA 47824"",1"
"191,663,Pending,3601.3,2024-01-25 11:33:29,""52881 Shaw Greens Suite 251"
"West Rebecca, VI 69440"",5"
"192,251,Cancelled,3561.91,2024-08-30 23:45:45,""9056 Spears Expressway Apt. 724"
"Williamhaven, NY 99214"",5"
"193,3414,Shipped,1299.63,2024-02-06 14:57:57,""901 Padilla Fork Suite 590"
"East Jacobfurt, PR 38830"",1"
"194,703,Cancelled,3825.0,2024-06-07 13:43:54,""48898 Raymond Cliffs Apt. 085"
"Fernandezberg, MH 03333"",1"
"195,294,Pending,209.09,2024-05-28 15:14:02,""5681 Whitehead Pike"
"Port Eugeneside, ND 55872"",2"
"196,1332,Completed,3966.35,2024-03-26 04:44:05,""22623 Wright Ports"
"Jasminechester, GU 87533"",2"
"197,2741,Cancelled,3399.63,2024-02-25 10:14:43,""24709 Lewis Estate"
"South Kimberly, MA 72035"",2"
"198,2946,Pending,1837.43,2024-08-23 22:10:56,""3796 Johnathan Overpass Suite 904"
"South Brandonview, GU 31958"",2"
"199,2423,Completed,3295.11,2024-08-05 20:59:42,""11507 Webb Rapids"
"Kennedyside, AR 92206"",2"
"200,1179,Pending,1276.04,2024-01-17 16:40:56,""281 Tracy River"
"Mckinneyton, VT 16411"",2"
"201,683,Completed,3904.88,2024-07-29 07:08:11,""216 Patricia Neck"
"Normanbury, OR 83818"",5"
"202,3368,Pending,4964.28,2024-09-03 06:23:18,""71834 Kenneth Landing"
"West Cheryl, GA 75344"",1"
"203,465,Shipped,1746.48,2024-04-28 04:00:40,""76389 Williams Extension Apt. 066"
"North Perry, KS 41941"",2"
"204,1830,Cancelled,3432.28,2024-05-13 02:20:08,""747 Jennifer Valleys Apt. 154"
"Reedtown, PR 86092"",3"
"205,3100,Pending,3359.53,2024-04-30 12:07:18,""Unit 2927 Box 4391"
"DPO AE 57926"",2"
"206,1898,Pending,3681.98,2024-01-14 09:05:06,""524 Brian Extensions Apt. 180"
"Cohenport, MP 63796"",5"
"207,991,Pending,1522.95,2024-03-09 02:12:23,""7761 Adams Lights Suite 158"
"East Rebecca, DE 87606"",4"
"208,1049,Shipped,1125.74,2024-01-08 04:35:30,""184 James Parkways Suite 011"
"Lake Ashleyburgh, NJ 13825"",2"
"209,1791,Completed,4509.55,2024-07-15 15:09:47,""81048 Hill Ways Apt. 498"
"Ericfort, FL 46869"",1"
"210,2755,Completed,1512.19,2024-02-27 20:12:10,""426 Christopher Ranch"
"Cobbshire, WY 31611"",2"
"211,1314,Cancelled,2459.54,2024-03-06 15:03:57,""910 Marc Pines Suite 088"
"Davismouth, CT 48006"",3"
"212,102,Pending,867.7,2024-03-04 21:57:27,""70596 Lauren Ville Apt. 887"
"Port Kristina, DE 99396"",2"
"213,169,Completed,2569.13,2024-07-06 15:56:35,""5953 Michael Place Apt. 634"
"West Crystal, VT 99171"",3"
"214,2529,Shipped,2883.44,2024-01-16 08:01:45,""372 Connie Terrace"
"Lynnfurt, MD 28279"",3"
"215,1352,Pending,3952.06,2024-06-14 19:46:12,""7302 Kristin Park"
"Alexborough, WV 08580"",5"
"216,2333,Cancelled,649.08,2024-01-03 06:26:09,""Unit 9001 Box 0514"
"DPO AA 57402"",4"
"217,3033,Pending,2993.29,2024-09-14 22:54:14,""155 Ruiz Mission Apt. 661"
"New Kathleen, MD 76360"",2"
"218,293,Completed,675.34,2024-02-04 23:20:50,""6029 Kelly Turnpike Suite 593"
"Markmouth, MI 69424"",4"
"219,2075,Shipped,4754.89,2024-08-14 07:13:57,""88021 Sarah Groves Suite 444"
"Elliston, WY 74578"",1"
"220,34,Completed,1098.91,2024-08-10 06:59:34,""05413 Flynn Club Suite 820"
"West Loganborough, OK 49330"",5"
"221,2924,Shipped,1799.84,2024-04-10 17:20:23,""524 Welch Flat Apt. 490"
"South Wesleyport, CA 80101"",1"
"222,1419,Cancelled,1491.0,2024-06-01 11:23:51,""55852 Lee Grove"
"Port Brandon, AR 89633"",2"
"223,2367,Shipped,2490.84,2024-04-16 01:45:17,""2217 Smith Ridge Suite 524"
"Port Amy, PA 21037"",2"
"224,403,Shipped,2338.79,2024-06-23 11:40:42,""6613 Dawson Valleys"
"New Stacytown, IA 70456"",2"
"225,794,Shipped,4188.06,2024-02-22 15:22:09,""48264 Martinez Meadow"
"Garciaport, ID 40667"",2"
"226,2791,Shipped,3921.95,2024-04-14 06:39:53,""881 Robinson Squares"
"Wattsfurt, MO 19744"",1"
"227,1569,Shipped,3937.31,2024-01-07 07:44:24,""6286 David Land Apt. 755"
"Port Morganland, NM 57421"",4"
"228,1545,Shipped,1191.62,2024-06-21 18:56:47,""8677 Griffith Pines"
"East Danielle, UT 07544"",4"
"229,1383,Pending,2022.09,2024-01-27 19:23:44,""428 Kenneth Orchard"
"Reneemouth, NC 05479"",3"
"230,1745,Shipped,1098.59,2024-02-15 20:27:02,""21142 Sarah Brook Apt. 027"
"South Jillbury, OR 46756"",1"
"231,2234,Completed,3780.03,2024-05-19 11:32:20,""2073 Washington Throughway Suite 582"
"East Joshuastad, UT 29291"",5"
"232,2090,Cancelled,2482.53,2024-08-26 15:00:00,""06792 Brittany Island Apt. 356"
"South Jesse, OK 47188"",5"
"233,2458,Completed,2095.37,2024-07-17 06:26:39,""8134 Dennis Fields"
"South Markmouth, WA 62128"",1"
"234,1945,Pending,3007.49,2024-04-04 15:53:13,""95620 Michael Extension Suite 829"
"New Samuel, CO 97799"",2"
"235,102,Completed,1010.47,2024-01-08 02:06:55,""0890 Pierce Flats Suite 386"
"Gordonfurt, MA 12731"",3"
"236,3019,Shipped,2141.81,2024-04-29 23:03:25,""04784 Gonzalez Light Apt. 142"
"West Devinfort, NC 74343"",3"
"237,1025,Shipped,2896.53,2024-05-02 08:05:31,""366 Dougherty Oval Suite 470"
"North Brandon, FM 55332"",3"
"238,2908,Completed,3541.08,2024-06-17 08:39:20,""19725 Brittany Green"
"Port Elizabeth, VT 52366"",3"
"239,1343,Cancelled,733.92,2024-03-28 19:11:27,""334 Samuel Ways"
"West Jamesside, PW 50738"",2"
"240,2988,Pending,3159.53,2024-04-16 13:20:04,""PSC 5830, Box 4276"
"APO AP 76870"",2"
"241,2026,Cancelled,1738.8,2024-05-05 15:14:37,""79855 Hansen Hollow Apt. 920"
"North Xavier, WI 76070"",5"
"242,751,Completed,1326.48,2024-08-09 03:35:21,""581 Margaret Summit"
"Willisshire, VI 45174"",2"
"243,649,Pending,980.04,2024-09-02 20:23:00,""16372 Mills Drive Suite 333"
"West Kimberly, NJ 81139"",3"
"244,2127,Completed,4238.44,2024-09-27 05:00:08,""88090 Franklin Passage"
"Port Tanyaberg, VI 91367"",5"
"245,2515,Pending,2301.88,2024-09-06 07:33:53,""8629 Rose Passage"
"Summersland, VT 70566"",5"
"246,3204,Pending,1247.7,2024-06-14 18:42:32,""USS Peterson"
"FPO AP 97974"",3"
"247,606,Pending,2230.95,2024-09-04 18:04:39,""1152 Foster Gateway"
"North Brendaview, MN 59030"",4"
"248,957,Pending,1923.29,2024-02-19 09:52:18,""213 Summers Valley Suite 355"
"Youngtown, SC 57383"",5"
"249,2272,Shipped,4151.32,2024-03-08 16:56:49,""24875 Johnson Plain"
"Morganview, ID 70846"",3"
"250,812,Cancelled,3881.06,2024-09-16 12:14:12,""69792 Eric Forge Apt. 444"
"Johnsonburgh, DC 20971"",5"
"251,1293,Cancelled,2205.43,2024-06-22 20:27:00,""71178 Mindy Hill"
"Whiteshire, PR 23873"",1"
"252,2995,Completed,3368.22,2024-01-30 21:27:12,""3773 Morris Villages"
"Smithmouth, CA 34248"",5"
"253,723,Cancelled,2088.02,2024-02-27 18:44:22,""54430 Anna Ridges"
"North Mariafort, GU 08221"",3"
"254,430,Pending,2839.65,2024-09-23 10:48:54,""Unit 0931 Box 1512"
"DPO AE 21233"",1"
"255,2630,Completed,285.93,2024-06-20 00:24:46,""91899 Benjamin Mountain"
"Lake Diane, KY 42630"",1"
"256,391,Cancelled,1231.96,2024-06-02 02:10:01,""66077 Joshua Stravenue"
"South Matthewview, IA 68848"",4"
"257,1678,Completed,2585.66,2024-04-23 23:22:28,""82899 Lucas Circle"
"New Jessica, MO 54430"",3"
"258,3444,Completed,1294.06,2024-04-18 03:58:54,""234 Clements Fall"
"Ashleymouth, VA 33728"",5"
"259,2008,Pending,3294.26,2024-05-25 04:12:01,""607 Turner Square"
"Taylormouth, NY 29493"",3"
"260,2943,Shipped,2355.36,2024-07-08 23:06:20,""279 Timothy Light"
"South Sabrina, MA 71247"",1"
"261,3307,Pending,4568.79,2024-09-15 20:10:04,""786 Hernandez Village Suite 533"
"Jenniferfurt, WI 49328"",2"
"262,166,Shipped,2196.38,2024-08-19 15:44:28,""07648 Wilcox Crescent"
"West Karen, MI 14575"",1"
"263,3122,Cancelled,3634.3,2024-02-08 08:51:40,""34949 Ebony Station"
"Jimmytown, RI 22808"",1"
"264,2185,Shipped,2115.92,2024-04-14 10:39:05,""93889 Smith Streets Suite 428"
"Sarahfort, AZ 81302"",2"
"265,243,Completed,2566.17,2024-01-24 17:20:08,""823 Hunt Ford"
"Hectorview, SC 27244"",1"
"266,2178,Cancelled,998.41,2024-01-05 08:17:57,""626 Mark Ramp Apt. 669"
"Lake Donaldburgh, KY 74168"",4"
"267,3001,Pending,4674.16,2024-08-28 04:04:31,""443 Sarah Plains"
"Rachaelside, UT 49861"",4"
"268,1006,Cancelled,472.26,2024-03-15 04:16:36,""07562 Gregory Manors Suite 273"
"Justinberg, RI 31518"",3"
"269,912,Shipped,2495.35,2024-05-05 10:17:17,""218 Bailey Views Suite 088"
"Robertview, GU 53321"",5"
"270,2464,Cancelled,2095.43,2024-09-20 09:16:35,""36509 Jack Circles Apt. 617"
"Kimberlystad, KY 02013"",4"
"271,2407,Pending,3549.49,2024-03-03 08:03:37,""38172 Erik Field"
"Joseland, NJ 59362"",1"
"272,3491,Shipped,1646.0,2024-06-03 18:27:07,""3906 Monica Pike Suite 320"
"Meyerburgh, ID 33232"",4"
"273,214,Pending,3747.91,2024-09-03 16:52:08,""53469 Randy Mountains Suite 462"
"West Andrewstad, VT 47203"",1"
"274,2309,Pending,1571.29,2024-07-01 10:19:13,""0820 Sims Walks"
"West Alanborough, MT 18981"",3"
"275,1558,Pending,530.98,2024-05-04 01:23:44,""2841 Contreras Knoll Apt. 929"
"Port Melissaside, DC 59093"",5"
"276,2012,Cancelled,3998.24,2024-05-28 03:07:46,""6182 Brandon Meadows"
"East Williamstad, HI 51402"",3"
"277,2475,Cancelled,287.51,2024-08-06 16:52:47,""102 Small Ferry Suite 925"
"Reedshire, UT 66223"",4"
"278,1716,Shipped,2879.46,2024-07-19 21:40:33,""15096 Frye Tunnel"
"Michaelland, AL 32923"",5"
"279,1850,Pending,3125.29,2024-08-21 10:20:59,""160 Smith Knoll Apt. 412"
"Palmertown, MH 32172"",5"
"280,482,Cancelled,1440.73,2024-09-03 16:37:04,""6463 Richard Plain"
"Roseshire, RI 93024"",4"
"281,3496,Pending,738.2,2024-05-13 16:35:24,""7919 Jeremy Lodge Suite 303"
"West Lori, WI 35812"",2"
"282,1948,Cancelled,3223.84,2024-04-23 17:54:01,""475 Good Isle Suite 227"
"Port Caitlin, OH 67233"",4"
"283,1124,Shipped,1181.0,2024-04-29 15:50:34,""73829 Michael Vista Apt. 678"
"Singhside, MH 26039"",2"
"284,1700,Shipped,429.93,2024-04-15 12:27:19,""2059 Schmidt Parks Apt. 768"
"South Stephenberg, ID 82345"",4"
"285,83,Shipped,2364.31,2024-07-25 20:13:24,""04639 Wolf Lakes"
"West Deborahshire, KS 16245"",1"
"286,3244,Cancelled,4532.37,2024-09-20 04:53:02,""48967 Michael Square Suite 170"
"Port Thomasshire, OK 06461"",4"
"287,994,Pending,3630.78,2024-09-12 22:13:55,""4703 Shepard Mountain Suite 695"
"Jeffreyport, VA 91731"",1"
"288,2663,Pending,1758.92,2024-06-28 04:02:10,""66158 Lindsay Heights"
"East Aaron, GA 34656"",5"
"289,3375,Completed,973.3,2024-07-14 20:12:11,""6332 Michael Court"
"Timothyhaven, MS 29427"",4"
"290,122,Cancelled,3545.77,2024-07-22 00:01:59,""25797 Joshua Dale"
"Jonesfort, AK 82346"",1"
"291,2674,Pending,26.13,2024-09-03 10:27:21,""2736 Dawn Island"
"Charlottebury, VT 43354"",1"
"292,783,Completed,1951.97,2024-03-10 22:39:26,""24445 Nelson Ports"
"North Jenniferfurt, FM 41839"",1"
"293,1939,Completed,1079.7,2024-03-16 04:00:48,""57622 Robert Shores"
"Jamesshire, IN 86124"",3"
"294,2397,Completed,721.57,2024-04-23 22:05:35,""759 Sutton Haven Apt. 851"
"Leblanchaven, NH 30938"",1"
"295,2949,Pending,4107.42,2024-03-06 23:32:47,""39043 Amanda Inlet Apt. 184"
"New Casey, SC 92493"",2"
"296,1274,Pending,3209.91,2024-05-01 10:13:50,""298 Caitlin Circles Suite 663"
"Helenhaven, GA 06851"",3"
"297,2784,Shipped,4732.02,2024-05-15 03:52:01,""22131 Ward Mills"
"Khanton, DE 61840"",3"
"298,1244,Shipped,4314.87,2024-07-13 08:33:14,""8831 John Rapids Suite 347"
"Pricemouth, ME 15574"",3"
"299,2516,Cancelled,4710.21,2024-07-17 21:53:02,""6567 White Hills Apt. 500"
"Anthonystad, MN 62548"",5"
"300,2401,Pending,3232.18,2024-08-07 19:59:57,""75511 Eric Shoals Suite 161"
"Port Oliviaberg, ID 65290"",1"
"301,63,Shipped,1933.25,2024-06-30 19:09:49,""64075 Ryan Rapid"
"New Jason, MA 75517"",4"
"302,468,Cancelled,4497.58,2024-02-19 14:19:58,""63666 Michelle Keys Suite 113"
"New Raymondview, OR 53660"",5"
"303,1654,Pending,3220.34,2024-01-06 21:15:26,""1565 Sexton Track Apt. 723"
"South Davidfort, ID 91048"",3"
"304,1776,Completed,4538.98,2024-03-29 12:37:17,""589 Jennifer Overpass Apt. 276"
"Mariahland, GA 19359"",2"
"305,1166,Completed,4938.89,2024-01-11 21:28:15,""5859 Jeffrey Route"
"Carlychester, GU 64194"",4"
"306,1578,Cancelled,2562.3,2024-10-03 22:12:07,""PSC 9976, Box 4560"
"APO AA 16253"",2"
"307,3276,Cancelled,747.85,2024-07-14 13:53:03,""345 William Row Apt. 666"
"East Albert, WV 86331"",4"
"308,1397,Shipped,3329.7,2024-01-14 15:27:43,""PSC 1070, Box 5987"
"APO AE 37638"",1"
"309,1605,Cancelled,3606.87,2024-06-25 11:59:10,""PSC 0878, Box 5480"
"APO AA 92719"",3"
"310,2136,Completed,1744.92,2024-04-23 02:41:43,""81384 Melton Road"
"West Gina, AL 80395"",3"
"311,2254,Cancelled,1886.02,2024-02-28 22:03:58,""98060 Allen Trafficway Suite 851"
"Emilymouth, SD 34163"",4"
"312,1443,Shipped,4618.3,2024-09-27 23:27:41,""24873 Sherry Falls Apt. 403"
"East Davidborough, VI 98669"",5"
"313,1455,Completed,2115.18,2024-08-13 10:33:02,""6170 Walters Tunnel"
"Markfurt, MH 90819"",2"
"314,2271,Completed,4266.57,2024-01-06 11:54:04,""3285 Corey Bypass Apt. 484"
"Jessicabury, WA 72385"",4"
"315,1506,Cancelled,3179.57,2024-08-23 04:53:18,""30416 Martinez Views"
"Port Alexbury, MN 92694"",4"
"316,2713,Pending,3324.18,2024-05-16 12:24:19,""1578 Michael Locks Apt. 269"
"North Manuelburgh, RI 61838"",3"
"317,2638,Pending,2056.8,2024-09-27 04:19:54,""9803 Gomez Point"
"New Jonathan, GU 80563"",3"
"318,2371,Completed,4018.75,2024-08-05 23:11:41,""442 David Freeway"
"North Lisashire, TX 96056"",2"
"319,1125,Pending,999.33,2024-07-19 17:58:58,""359 Jessica Plain Suite 687"
"Tylerview, MD 44444"",1"
"320,2093,Completed,3138.24,2024-06-23 11:51:31,""34443 Powell Plain"
"Silvaville, HI 75872"",5"
"321,3072,Pending,3733.14,2024-02-07 12:01:04,""9467 Parks Pine"
"South Tanyaside, VT 39073"",5"
"322,1521,Completed,2675.37,2024-02-23 21:24:55,""004 Rodriguez Lakes Suite 310"
"Jennifershire, MA 82289"",3"
"323,1305,Cancelled,66.71,2024-05-24 00:52:11,""89743 Wendy Meadows"
"Ellenville, LA 33501"",2"
"324,101,Pending,894.01,2024-01-07 20:40:57,""98120 Johnson Underpass Apt. 070"
"South Christianmouth, MP 77639"",4"
"325,2390,Completed,1397.26,2024-07-25 04:29:20,""PSC 8552, Box 8470"
"APO AP 48824"",1"
"326,3272,Completed,183.55,2024-08-15 03:06:44,""89472 Simon Hollow"
"Ashleyport, SC 17189"",2"
"327,1307,Pending,4217.77,2024-08-25 13:54:57,""39468 Susan Brooks"
"Nelsonchester, MP 77961"",1"
"328,2524,Shipped,4697.19,2024-05-20 01:37:40,""0984 Smith Fields"
"Jonesland, FL 90538"",5"
"329,272,Pending,4536.67,2024-01-28 03:09:07,""421 Robert Expressway Suite 719"
"Beverlyfort, NH 40594"",5"
"330,2299,Shipped,3164.39,2024-09-02 01:05:22,""18604 Delgado Radial Apt. 557"
"New Brittanyport, CT 68897"",1"
"331,2918,Cancelled,3888.55,2024-05-07 14:51:10,""019 Michael Inlet"
"North Jacob, FM 97043"",4"
"332,940,Shipped,4920.3,2024-02-13 23:53:52,""984 Lisa Mill"
"Angelachester, RI 72518"",4"
"333,2656,Cancelled,1855.49,2024-04-14 17:01:07,""6650 Garcia Roads Apt. 572"
"Port Samantha, OK 48416"",3"
"334,2130,Pending,3784.63,2024-09-30 03:17:19,""88705 William Drive Apt. 781"
"Monicaland, FM 53917"",4"
"335,933,Completed,3054.88,2024-06-30 17:19:08,""227 Joshua Cliff Suite 137"
"South Lindaborough, ND 56267"",2"
"336,833,Cancelled,2994.39,2024-02-12 03:20:50,""1529 Matthew Trace"
"East Melissa, MI 71937"",1"
"337,732,Shipped,2896.56,2024-04-09 14:52:20,""15677 Jeffrey Walk"
"North Marvin, KS 98721"",1"
"338,3445,Shipped,1700.27,2024-09-16 03:14:06,""139 Rodriguez Square"
"Port Timothy, DC 03030"",1"
"339,699,Shipped,3858.91,2024-06-30 00:26:15,""8493 Stanley Rapid Apt. 511"
"New April, MO 71474"",1"
"340,2558,Cancelled,347.7,2024-01-02 01:13:46,""53397 Johnson Fords"
"Waltershire, NC 27595"",1"
"341,2077,Pending,4373.8,2024-09-17 18:37:33,""69071 Patricia Radial"
"Mayerland, PR 73225"",3"
"342,313,Completed,3494.69,2024-05-08 15:16:26,""4253 Richard Alley Suite 033"
"Annatown, OR 24139"",5"
"343,2144,Pending,2411.18,2024-05-21 00:37:25,""86748 Jill Lodge Suite 048"
"Christopherbury, SD 00668"",3"
"344,1649,Cancelled,3539.47,2024-05-29 10:31:27,""592 Johnson Villages"
"West Shawnburgh, VT 04545"",1"
"345,3418,Shipped,1046.97,2024-08-10 00:08:31,""0969 Martin Road"
"North Jason, MS 39987"",4"
"346,597,Pending,1346.87,2024-02-10 18:19:52,""2509 Woodard Ridges"
"Darlenehaven, MD 27195"",3"
"347,1530,Cancelled,2974.43,2024-07-02 06:44:21,""51832 Paul Key"
"Brookstown, PW 99528"",4"
"348,3429,Cancelled,4871.89,2024-05-25 17:19:21,""PSC 0525, Box 1010"
"APO AP 71739"",2"
"349,824,Completed,1105.8,2024-02-14 02:28:00,""59250 John Lakes Suite 513"
"South Josephview, MO 64365"",2"
"350,2515,Completed,1234.15,2024-05-08 19:00:14,""1028 Rose Burg Apt. 241"
"Vernonstad, MO 61893"",4"
"351,335,Shipped,981.47,2024-05-30 07:41:16,""614 Morgan Parkways Suite 539"
"Contrerasfort, NH 15557"",4"
"352,1194,Shipped,439.96,2024-02-16 18:28:49,""USS Miles"
"FPO AE 27435"",3"
"353,358,Shipped,182.03,2024-02-24 04:37:54,""22895 Garcia Spurs"
"Christophertown, HI 64054"",2"
"354,571,Shipped,193.2,2024-05-08 16:19:35,""201 Christy Junctions"
"New Troy, VA 47131"",2"
"355,2719,Pending,1422.82,2024-03-13 23:14:22,""5107 Charles Junctions Suite 545"
"West Stephaniestad, UT 16609"",4"
"356,2917,Completed,4111.68,2024-10-03 09:16:01,""1946 Gomez Camp"
"Ramosport, MI 51395"",2"
"357,100,Pending,3941.01,2024-08-03 09:54:24,""65732 Rodriguez Bypass"
"West Stephanie, MS 63439"",3"
"358,2859,Cancelled,3761.22,2024-05-01 00:52:57,""48670 Jose Skyway Apt. 174"
"New Eric, DE 43094"",1"
"359,989,Pending,3901.19,2024-07-30 21:32:13,""14483 Brennan Oval"
"West Carlshire, MO 51773"",3"
"360,2561,Completed,3257.88,2024-06-25 21:29:31,""4821 Jason Highway Apt. 521"
"Lake Tammy, NE 52030"",5"
"361,1524,Completed,4881.86,2024-06-29 12:54:50,""USNV Ortega"
"FPO AP 37514"",1"
"362,3488,Cancelled,1719.8,2024-07-28 15:16:39,""45918 Powell Station"
"Gonzalezbury, IN 52564"",1"
"363,155,Shipped,350.43,2024-01-05 03:40:25,""0556 Petersen Meadows"
"New Thomas, AR 78373"",1"
"364,67,Completed,3845.85,2024-01-11 07:29:34,""27376 Anthony Center"
"Port Devinmouth, SD 37859"",3"
"365,1189,Completed,3952.31,2024-05-12 08:36:56,""489 Susan Circles Suite 757"
"East Jennifertown, NJ 99664"",4"
"366,3103,Completed,3716.97,2024-05-19 10:47:45,""593 White Bypass Suite 404"
"Kathrynburgh, DE 07633"",4"
"367,2288,Cancelled,3852.71,2024-07-07 07:00:45,""7312 Moore Vista"
"North Vincentport, TN 66214"",5"
"368,2312,Completed,3574.63,2024-01-03 01:59:02,""USS Moore"
"FPO AE 94084"",4"
"369,1420,Cancelled,3730.31,2024-01-25 16:41:28,""44831 Nancy Vista"
"Blacktown, VI 59850"",5"
"370,3141,Cancelled,68.55,2024-02-29 04:14:23,""15892 Gregory Inlet"
"Leeshire, DE 68090"",5"
"371,888,Completed,3228.58,2024-02-28 11:26:11,""524 Andrew Mountains"
"Benjaminhaven, DE 57055"",3"
"372,2836,Shipped,2728.56,2024-09-30 10:36:29,""341 Spencer Underpass"
"Johnsonside, FL 78330"",5"
"373,405,Pending,1680.07,2024-03-10 07:46:54,""594 Pierce Circles Suite 448"
"Beardfort, FM 82756"",3"
"374,350,Shipped,770.33,2024-09-04 14:27:24,""8475 Hopkins Cliffs"
"Marioville, PR 92538"",4"
"375,291,Cancelled,2651.25,2024-04-17 19:42:12,""7115 Berger River"
"Martinburgh, MD 34629"",3"
"376,1756,Pending,1553.62,2024-01-09 02:24:54,""127 Stone Trail Apt. 178"
"North Lynnside, TX 36679"",2"
"377,2690,Completed,2448.11,2024-04-23 13:37:24,""866 Harris Rapids"
"West Vanessashire, MH 70620"",1"
"378,2851,Completed,2257.73,2024-05-28 05:32:09,""338 Philip Mall"
"Katelynside, VI 86782"",4"
"379,2990,Pending,665.76,2024-04-19 14:41:17,""9549 Martin Divide Suite 606"
"Smithberg, OK 79672"",3"
"380,3362,Completed,1129.15,2024-01-22 12:34:11,""Unit 8183 Box 7722"
"DPO AA 47517"",3"
"381,1049,Pending,1521.55,2024-01-13 07:47:53,""027 Bass Shores Suite 069"
"Lake Jamesport, CA 45047"",3"
"382,1141,Completed,878.46,2024-07-31 06:21:26,""4495 Carter Cove Suite 582"
"Brownshire, PW 24918"",1"
"383,1853,Completed,3234.86,2024-05-14 12:55:08,""03722 Adrienne Glens"
"Josephton, IN 64756"",3"
"384,2810,Cancelled,2034.34,2024-07-27 17:13:53,""6032 Eugene Keys"
"Port Paulshire, AS 81534"",5"
"385,2976,Completed,2107.48,2024-05-25 01:38:48,""733 Hill Walk Suite 441"
"Santiagoland, NJ 27149"",5"
"386,795,Pending,1447.1,2024-07-12 20:13:13,""05795 Adam Groves Suite 044"
"New Yolandaburgh, NY 01299"",1"
"387,2754,Shipped,549.16,2024-07-02 11:52:57,""Unit 9665 Box 9828"
"DPO AE 31718"",3"
"388,1570,Pending,2391.98,2024-08-28 20:56:03,""23116 Joshua Loop"
"North Peterfort, NJ 38393"",2"
"389,406,Shipped,2781.1,2024-01-21 16:14:36,""0757 Ronald Path"
"North Bradleyberg, OR 68873"",4"
"390,3304,Pending,3198.51,2024-01-05 13:25:19,""6251 Williams Plains"
"Larryshire, WY 21774"",2"
"391,1839,Pending,2274.03,2024-06-20 03:53:08,""33918 Parker Wells Suite 115"
"Aliciahaven, AR 34448"",2"
"392,1065,Completed,1312.17,2024-01-06 10:46:52,""383 Richard Vista Suite 674"
"Timothyberg, NE 29736"",5"
"393,1668,Shipped,4173.72,2024-09-30 04:06:36,""Unit 4309 Box 7003"
"DPO AA 33944"",5"
"394,628,Shipped,726.69,2024-02-11 02:30:10,""445 Franklin Glens"
"Brownmouth, MN 01358"",2"
"395,2129,Shipped,254.29,2024-03-27 11:47:06,""516 Elizabeth Inlet"
"Lake Joyce, OK 51670"",3"
"396,18,Completed,3658.48,2024-06-02 22:46:12,""4212 Joel Loaf"
"North Gabriel, AS 64227"",2"
"397,2612,Pending,4400.58,2024-01-27 02:43:25,""4333 Amy Throughway"
"North Hannahborough, CT 44009"",3"
"398,2505,Completed,2954.6,2024-01-30 22:31:34,""20181 Jocelyn Fork Suite 538"
"Valerieshire, SD 70724"",4"
"399,1236,Pending,2440.11,2024-02-21 13:53:42,""40986 Deborah Harbors"
"Petersenhaven, CA 41455"",1"
"400,3193,Shipped,4863.16,2024-07-29 23:04:36,""087 Cisneros Spring Apt. 016"
"Nathanbury, NV 49427"",4"
"401,1286,Shipped,1871.59,2024-03-08 20:53:31,""Unit 7124 Box 0755"
"DPO AA 13095"",2"
"402,1545,Shipped,4593.96,2024-07-01 18:35:45,""92584 Emily Skyway"
"Kellistad, SD 52454"",5"
"403,1262,Pending,4008.76,2024-09-15 13:48:28,""51761 Vasquez Ford"
"New Patriciamouth, ME 60159"",3"
"404,1833,Cancelled,26.14,2024-02-11 17:55:42,""346 Davis Isle Apt. 387"
"Tinaside, MT 87827"",5"
"405,303,Pending,3948.37,2024-06-29 07:44:33,""091 James Views"
"Port Elizabethmouth, MT 62292"",2"
"406,982,Shipped,2003.54,2024-03-07 05:59:27,""03703 Gibson Forks"
"Port Carl, AK 56640"",3"
"407,2774,Pending,3141.12,2024-03-21 16:23:27,""13350 Short Brooks"
"Robinshire, CT 76215"",3"
"408,2696,Shipped,324.34,2024-02-18 14:09:25,""938 Sullivan Isle"
"West Bruce, ID 58531"",1"
"409,2982,Pending,684.73,2024-01-05 19:39:47,""2525 Aaron Knolls"
"South Traceytown, AZ 35837"",2"
"410,2139,Pending,3329.1,2024-05-01 13:05:14,""47213 Rogers Prairie"
"East Troystad, WY 25163"",1"
"411,2489,Cancelled,2619.18,2024-08-15 14:34:54,""7523 Gillespie Divide Apt. 705"
"Leeview, VT 61309"",3"
"412,1368,Completed,3437.77,2024-07-19 05:51:33,""696 Jeremy Camp"
"Jimenezbury, MS 52148"",4"
"413,2553,Completed,1419.84,2024-02-19 11:58:06,""773 Nicole Groves Suite 694"
"West Jeffreystad, UT 10407"",1"
"414,982,Shipped,3312.93,2024-02-27 03:27:55,""USCGC Brown"
"FPO AP 35231"",4"
"415,2919,Shipped,2003.09,2024-08-02 03:35:32,""34450 Stephen Ridge"
"West Brandiburgh, GA 30733"",1"
"416,2975,Pending,164.78,2024-08-03 05:35:04,""750 Hunter Underpass Suite 085"
"Troyhaven, NC 91956"",4"
"417,2564,Cancelled,3671.49,2024-07-23 20:13:11,""48440 Rebekah Park"
"North Alejandro, IA 75734"",2"
"418,3303,Cancelled,3419.29,2024-02-29 06:55:07,""2827 Charles Field Suite 420"
"Lake Tyler, IN 17399"",1"
"419,2142,Completed,3948.53,2024-08-26 09:03:54,""71772 Baxter Bypass"
"Gibbsborough, RI 82714"",4"
"420,676,Cancelled,1305.58,2024-08-26 07:37:11,""4985 Jennifer Corners Suite 304"
"Johnville, MD 81886"",3"
"421,1714,Shipped,4381.64,2024-08-24 04:35:37,""5020 Gray Keys"
"Port Joseph, CT 01181"",1"
"422,1213,Cancelled,2268.24,2024-07-04 05:46:23,""7649 Reese Pine Apt. 046"
"Hughesstad, TX 89577"",4"
"423,3108,Completed,3599.67,2024-01-24 23:10:21,""53311 Johnson Land"
"Port Michael, IL 23842"",1"
"424,354,Cancelled,4795.8,2024-09-02 14:38:22,""09430 Rodriguez Underpass Apt. 218"
"Port Carolyn, ND 47656"",3"
"425,2850,Cancelled,3177.17,2024-01-21 23:13:21,""08691 Reginald Station Suite 225"
"West Jacobville, MS 72693"",4"
"426,2342,Cancelled,1516.33,2024-03-11 06:22:19,""9124 Thornton Forge"
"Kirkside, VT 93183"",1"
"427,1082,Cancelled,1008.56,2024-04-21 22:04:50,""USNV Nielsen"
"FPO AP 16511"",5"
"428,2808,Cancelled,1945.99,2024-02-15 05:58:03,""91949 Robinson Turnpike"
"Port Davidside, PW 47865"",2"
"429,2468,Pending,852.49,2024-09-04 02:00:36,""0434 Joseph Track"
"New Alisonside, MH 21715"",2"
"430,3492,Cancelled,1256.15,2024-06-22 22:12:37,""Unit 1666 Box 9906"
"DPO AP 50242"",4"
"431,1434,Shipped,633.43,2024-08-08 07:31:18,""004 Sanders Pike Suite 194"
"Ericchester, WV 63022"",1"
"432,2112,Cancelled,3626.29,2024-04-18 17:53:33,""7361 Paul Trace"
"Yufurt, ND 38914"",2"
"433,2174,Shipped,4689.72,2024-06-15 17:29:00,""Unit 9307 Box 5117"
"DPO AA 85998"",2"
"434,2852,Pending,2531.09,2024-02-07 01:44:50,""64054 King Cape Apt. 380"
"Robertofort, CA 36934"",4"
"435,1202,Pending,3220.76,2024-07-04 14:08:32,""012 Diane Fields"
"Edwardtown, MS 20729"",4"
"436,2031,Shipped,1441.43,2024-01-22 14:51:08,""50007 Garcia Hill Apt. 736"
"New Jennahaven, ID 99868"",3"
"437,1869,Cancelled,3374.88,2024-03-25 15:54:26,""7452 Strickland Spurs Apt. 377"
"Jennyshire, TN 96051"",4"
"438,2672,Completed,1002.39,2024-06-17 01:46:16,""79049 Carol Burgs"
"Lake Pamela, KS 50994"",3"
"439,2668,Pending,4278.41,2024-09-17 16:56:00,""827 John Cliffs Apt. 431"
"Rogersmouth, CO 50934"",2"
"440,3473,Completed,2195.39,2024-07-08 01:46:49,""917 Smith Road Suite 780"
"North Jamesberg, MT 55115"",1"
"441,3354,Pending,2546.61,2024-07-25 21:58:51,""668 Laura Pine"
"Port Joseph, AZ 81704"",5"
"442,2093,Shipped,4609.81,2024-09-08 02:15:24,""371 Denise Passage"
"Lake Lisa, ID 11044"",5"
"443,1948,Shipped,3663.27,2024-02-11 19:55:32,""805 Price Underpass"
"Mercadohaven, MT 88824"",5"
"444,2739,Completed,3013.67,2024-03-22 23:06:24,""62395 Gonzalez Expressway"
"West Blakefurt, HI 99386"",1"
"445,2710,Completed,3846.15,2024-03-14 16:08:23,""058 Joanne Crossroad"
"Millershire, AR 22972"",5"
"446,1427,Shipped,3182.63,2024-06-18 04:08:18,""499 Rachel Well Suite 083"
"New Maxmouth, NC 17240"",5"
"447,3440,Cancelled,4716.67,2024-03-09 05:38:41,""9290 Richard Forge"
"New Tylerhaven, KS 18325"",3"
"448,514,Shipped,4238.26,2024-05-25 06:21:06,""03917 James Landing"
"Simmonsbury, MN 56615"",3"
"449,1771,Shipped,2679.59,2024-05-04 03:40:40,""019 Wallace Ports Suite 008"
"South Charlesport, MH 21031"",2"
"450,2513,Completed,3806.86,2024-01-31 14:06:14,""1676 Sandoval Skyway"
"Sabrinaton, AL 54164"",4"
"451,1083,Pending,2458.05,2024-06-22 11:40:10,""491 Maxwell Crossing"
"South Richardberg, PR 06927"",2"
"452,2319,Completed,2900.43,2024-08-02 03:29:56,""2467 Washington Prairie"
"South Diana, AR 94480"",3"
"453,173,Pending,3827.26,2024-01-04 22:29:57,""468 Ryan Mountain Apt. 429"
"Briannatown, SD 87541"",2"
"454,1140,Cancelled,2151.39,2024-06-18 22:07:30,""329 Christina Inlet Suite 445"
"Port Robert, FM 82612"",3"
"455,1855,Pending,2911.81,2024-08-12 00:29:44,""25827 Kendra Village Suite 782"
"West Jose, PA 68221"",1"
"456,1556,Pending,2555.39,2024-01-26 07:23:54,""306 Pamela Crossroad"
"East Craig, FM 55432"",1"
"457,2852,Pending,948.48,2024-03-27 03:04:13,""1079 Gardner Ridges Apt. 173"
"South Michaelmouth, NV 34046"",1"
"458,2747,Completed,3868.25,2024-02-03 21:18:47,""301 Kathleen Alley Apt. 263"
"Stephaniehaven, CA 26921"",4"
"459,1052,Cancelled,1201.16,2024-08-21 00:13:51,""6749 Crawford Springs Suite 032"
"Gabrielashire, PW 47869"",5"
"460,872,Completed,580.89,2024-09-30 01:11:23,""87273 Wheeler Cape Suite 578"
"Lake Robertfurt, ID 52964"",2"
"461,1129,Shipped,2508.91,2024-04-17 20:44:22,""86077 Jean Radial"
"Stewartton, NJ 11598"",3"
"462,911,Completed,4088.88,2024-02-03 04:13:16,""147 Stevens Cape Suite 799"
"North Michael, IN 78271"",1"
"463,2442,Shipped,1901.75,2024-02-16 14:47:05,""246 Clark Tunnel Suite 846"
"Lake Luisville, ID 81557"",5"
"464,2234,Shipped,3788.99,2024-01-28 08:13:06,""031 Willis Manors Apt. 604"
"South Meghan, TN 39653"",3"
"465,2595,Pending,3412.31,2024-04-24 10:54:21,""39708 Anthony Summit"
"Michaelberg, VI 48473"",4"
"466,3094,Shipped,3886.79,2024-09-02 10:55:10,""147 May Valley"
"Grayland, KY 56253"",3"
"467,1799,Shipped,2231.84,2024-07-06 22:45:02,""1733 Dawn Club"
"Reeseport, NE 97370"",5"
"468,2728,Pending,3708.19,2024-04-27 23:58:36,""5147 Mary Isle"
"Chelseaville, NJ 48704"",4"
"469,2940,Pending,2437.51,2024-07-09 06:46:25,""27731 Jordan Park"
"East Mariafort, OR 88952"",5"
"470,3219,Cancelled,3434.95,2024-02-19 17:07:30,""572 Martin Route Suite 392"
"Kellyton, VA 11432"",4"
"471,3368,Shipped,2709.23,2024-05-16 17:44:58,""1490 Noble Ville"
"Luisview, ME 84736"",4"
"472,12,Completed,3756.54,2024-09-02 05:28:29,""3661 Cynthia Spring Suite 156"
"Silvafort, MT 85663"",5"
"473,14,Cancelled,1678.12,2024-04-28 12:07:07,""USCGC Ellis"
"FPO AE 75968"",4"
"474,1043,Completed,566.78,2024-05-04 00:01:57,""1428 Bennett Valleys Suite 108"
"South Meganmouth, WI 72233"",5"
"475,2280,Pending,4398.85,2024-01-17 08:49:39,""79346 Brown Viaduct"
"Port Edward, CA 16684"",5"
"476,848,Cancelled,1138.05,2024-06-03 04:17:36,""769 Kristopher View Suite 069"
"North Rhonda, GU 28824"",5"
"477,1405,Pending,4896.68,2024-02-08 15:07:08,""USCGC Alexander"
"FPO AE 43750"",2"
"478,621,Cancelled,4208.97,2024-08-03 21:08:03,""57078 Mariah Street"
"East Johnhaven, VT 91827"",1"
"479,1655,Pending,4208.69,2024-02-23 18:02:26,""0321 Houston Extensions Apt. 131"
"Port Jefferyview, NH 45469"",1"
"480,2279,Completed,949.64,2024-01-19 15:52:10,""960 Justin Manors"
"North Brenda, IN 84259"",3"
"481,2994,Completed,2904.38,2024-05-17 19:41:08,""89829 Misty Brook Apt. 514"
"New Julieport, IN 74161"",3"
"482,1184,Cancelled,4479.28,2024-07-26 19:23:48,""3530 Bethany Corner Suite 882"
"West Diana, OH 89649"",1"
"483,2783,Completed,4453.57,2024-01-06 09:17:38,""6481 Dunn Ways Apt. 668"
"Taylorville, ME 86243"",3"
"484,3018,Pending,3214.17,2024-09-06 03:51:37,""1324 Poole Cliffs"
"Sonialand, IL 41592"",1"
"485,476,Cancelled,2116.92,2024-06-07 06:02:28,""97972 Lauren Groves"
"Kaylafort, MS 06636"",1"
"486,2138,Shipped,3751.78,2024-04-10 19:58:58,""4198 Johnson Knoll Suite 599"
"Port Karenhaven, AZ 37931"",1"
"487,3080,Cancelled,154.14,2024-08-23 04:43:35,""065 Randall Well"
"West Jonathanshire, PW 30342"",2"
"488,3344,Cancelled,4200.53,2024-01-21 22:30:39,""65077 Miguel Forks"
"Kristinborough, IN 89981"",4"
"489,660,Cancelled,2113.71,2024-04-18 21:45:50,""589 Sutton Branch Suite 842"
"West John, OH 25796"",4"
"490,753,Shipped,2098.62,2024-07-08 05:20:09,""6426 Clarke Groves"
"Victoriastad, TN 56540"",1"
"491,1214,Completed,2504.35,2024-09-06 18:21:40,""768 Jackson Cliffs"
"East Michaelbury, MD 65387"",4"
"492,526,Cancelled,4924.61,2024-08-16 08:50:00,""8909 Brandt Manor Suite 325"
"Fordtown, DC 89788"",2"
"493,1544,Completed,4091.93,2024-09-05 11:49:42,""618 Sandra Field"
"Wilkinsside, SC 14005"",4"
"494,145,Pending,2819.15,2024-02-03 22:58:49,""01797 Koch Plains Suite 813"
"Elizabethstad, MA 47867"",1"
"495,476,Cancelled,1130.15,2024-08-01 07:18:27,""4576 Roberta Glen Apt. 082"
"Huntershire, IA 80024"",5"
"496,806,Pending,3819.37,2024-04-04 01:05:47,""687 Keith Fork Suite 761"
"Anthonychester, SC 17716"",1"
"497,2790,Shipped,1826.84,2024-05-01 11:22:49,""098 Karen Views Apt. 876"
"East Allisonstad, FM 91577"",2"
"498,3474,Cancelled,1391.15,2024-02-17 13:51:11,""Unit 5241 Box 6126"
"DPO AE 86006"",3"
"499,518,Shipped,935.7,2024-02-01 02:32:36,""03209 Brandon Rapids"
"New Lindachester, AR 38579"",3"
"500,3479,Shipped,378.12,2024-03-08 05:17:44,""648 Dustin Burgs Apt. 632"
"Karenchester, MD 35292"",4"
"501,2135,Cancelled,367.97,2024-04-25 10:03:17,""Unit 9286 Box 7128"
"DPO AE 16126"",4"
"502,2040,Pending,3071.88,2024-07-02 16:58:37,""PSC 5195, Box 4575"
"APO AE 32962"",3"
"503,2639,Shipped,4817.36,2024-05-17 22:59:14,""28142 Heidi Road"
"Port Michele, ID 56100"",2"
"504,58,Completed,2196.73,2024-05-12 17:58:17,""86267 Fisher Circle Suite 713"
"East John, IA 54431"",5"
"505,1545,Cancelled,75.64,2024-09-05 15:00:22,""24788 Barnett Square Suite 460"
"New Victoria, AR 26745"",5"
"506,207,Cancelled,822.37,2024-04-26 13:52:28,""289 Desiree Well"
"Tiffanyberg, CA 48359"",4"
"507,660,Completed,4999.69,2024-02-01 12:02:27,""2951 Caleb Springs Apt. 684"
"Spencershire, AS 26311"",1"
"508,1487,Shipped,4566.43,2024-03-23 01:45:54,""2483 Dawn Pike Apt. 023"
"North Jamesfort, MN 33877"",2"
"509,1047,Shipped,4011.71,2024-04-13 00:54:33,""Unit 0881 Box 1922"
"DPO AE 89062"",3"
"510,355,Completed,4495.24,2024-05-11 10:59:45,""67885 Justin Lakes Suite 449"
"Lake Jessica, OH 54291"",1"
"511,1593,Pending,2955.54,2024-09-02 05:06:00,""45038 Jones Inlet Apt. 709"
"Lake Samuelberg, NE 61365"",4"
"512,1704,Pending,4655.36,2024-09-23 00:05:57,""5879 Beth Harbors"
"New Patrickview, OK 01362"",4"
"513,3096,Pending,360.8,2024-01-05 17:25:47,""793 Jacob Glen Suite 934"
"New Brandonshire, UT 12057"",3"
"514,588,Shipped,4808.15,2024-01-23 17:26:59,""004 James Key"
"Georgeview, NC 09420"",5"
"515,1147,Pending,1642.7,2024-07-30 13:06:48,""USS Webb"
"FPO AE 28752"",2"
"516,2212,Cancelled,117.02,2024-04-07 07:46:29,""4158 King View Apt. 058"
"Walkerland, WY 41113"",3"
"517,1508,Completed,2919.96,2024-02-24 08:56:17,""2668 Peters Trail"
"South Daniel, UT 65213"",4"
"518,1742,Shipped,1213.04,2024-07-21 18:21:09,""5253 Collins Wall"
"North Charles, CT 25815"",3"
"519,745,Completed,2110.04,2024-07-04 21:28:50,""2546 Simmons Bridge"
"East Bradleyside, IL 95753"",5"
"520,2372,Shipped,2652.7,2024-07-24 03:16:24,""149 George Skyway Suite 609"
"South Christina, GU 63377"",4"
"521,397,Completed,558.8,2024-03-09 00:02:25,""8382 Rogers Mission Suite 036"
"Christophermouth, MN 90246"",3"
"522,1859,Cancelled,4440.71,2024-04-13 20:52:15,""352 Courtney Hollow Apt. 868"
"Wardhaven, IA 72396"",3"
"523,2387,Completed,2928.96,2024-01-08 20:10:08,""82083 Aaron Keys"
"East Elizabeth, MS 81594"",4"
"524,2702,Completed,1449.0,2024-08-25 01:58:32,""033 Patrick Circles"
"East Andrea, AR 89801"",1"
"525,2156,Completed,103.02,2024-03-23 23:45:51,""USNS Thomas"
"FPO AA 10049"",5"
"526,2997,Completed,4830.96,2024-04-09 19:19:26,""534 David Route Suite 403"
"Ryanview, NJ 70010"",1"
"527,1464,Shipped,2945.39,2024-07-29 18:31:51,""1283 Sheila Estates"
"South Jessicaland, NE 11151"",1"
"528,2838,Cancelled,3847.43,2024-08-21 03:21:34,""256 Nathan Parkway Suite 461"
"Ruizberg, SC 57078"",4"
"529,2968,Pending,3202.06,2024-05-29 16:10:59,""47071 Miller Turnpike Apt. 831"
"Mikeview, AS 96135"",2"
"530,1956,Shipped,4252.26,2024-03-25 19:48:34,""Unit 4819 Box 3714"
"DPO AE 25661"",2"
"531,996,Cancelled,3573.14,2024-06-22 04:30:06,""1634 Jessica Flat"
"Cynthiamouth, NM 45648"",3"
"532,2113,Shipped,1322.35,2024-06-19 08:14:49,""65335 Nichols Mission"
"New Mary, UT 26358"",3"
"533,240,Pending,4561.26,2024-09-24 16:10:38,""Unit 1812 Box 3428"
"DPO AA 60405"",2"
"534,3461,Completed,3648.08,2024-04-10 18:42:58,""7599 Meghan Hills"
"South Ericburgh, SD 36088"",2"
"535,2522,Cancelled,4307.13,2024-07-04 17:54:12,""21792 Mitchell Fork"
"Ericport, MI 65014"",5"
"536,1919,Completed,2885.0,2024-02-06 18:54:29,""957 Elizabeth Shoal Apt. 869"
"Santanamouth, NH 29135"",5"
"537,2733,Shipped,3993.79,2024-01-21 03:39:35,""637 Davis Knoll Suite 617"
"Susanburgh, AZ 45360"",5"
"538,2087,Completed,3676.18,2024-08-31 08:11:11,""551 Brianna Avenue"
"Nancyview, AS 82839"",2"
"539,2546,Shipped,625.83,2024-04-20 10:17:21,""72455 Medina Passage Suite 827"
"New Melissa, FM 82301"",2"
"540,3375,Cancelled,2836.19,2024-07-10 06:31:56,""567 Ortiz Common"
"East Michaelfort, PW 97368"",2"
"541,69,Completed,3405.15,2024-05-02 14:34:06,""8512 Douglas Cliffs Apt. 576"
"Phillipmouth, WA 67336"",2"
"542,3330,Shipped,2380.51,2024-07-05 02:23:22,""87377 Ricardo Common"
"Davidshire, DC 03351"",3"
"543,2843,Cancelled,2324.63,2024-02-02 17:38:08,""2227 Haas Trail Apt. 214"
"Moralestown, MS 93537"",2"
"544,1762,Pending,4651.65,2024-10-03 09:53:52,""1179 Washington Canyon Apt. 653"
"West Marietown, DC 04760"",2"
"545,115,Cancelled,2237.66,2024-07-22 21:06:14,""2796 Jeanette Cove"
"Jenniferton, RI 24338"",3"
"546,1812,Completed,2864.46,2024-04-06 05:12:43,""8386 Elizabeth Crescent"
"West Nathaniel, MD 66493"",5"
"547,2351,Cancelled,4313.3,2024-02-11 00:01:54,""99097 Williams Corners Apt. 196"
"Williamston, WI 77632"",4"
"548,378,Completed,2640.63,2024-03-13 22:39:56,""141 Leonard Motorway"
"Scottmouth, GA 44066"",5"
"549,1986,Shipped,760.55,2024-06-11 23:17:34,""PSC 2752, Box 7890"
"APO AA 31558"",2"
"550,2836,Pending,1947.97,2024-07-18 06:45:35,""69569 Wyatt Pines Suite 200"
"Kristinmouth, NM 73030"",1"
"551,3457,Pending,1403.33,2024-07-28 08:39:23,""2818 Melissa Tunnel"
"Kristiborough, CA 05195"",4"
"552,2519,Shipped,2545.28,2024-07-19 04:54:30,""USS Gonzalez"
"FPO AE 33695"",3"
"553,705,Cancelled,861.45,2024-09-24 10:42:45,""2144 Michael Point Suite 792"
"New April, OH 88445"",2"
"554,1994,Pending,912.46,2024-04-04 18:23:01,""623 Braun Ville"
"North Michaelview, IN 64575"",2"
"555,3358,Cancelled,622.72,2024-02-14 18:44:53,""367 Julie Dam"
"New Charles, MS 08580"",2"
"556,947,Pending,368.48,2024-03-04 00:58:35,""6296 Sara Streets"
"West John, AR 31887"",5"
"557,781,Completed,3517.9,2024-01-20 10:36:12,""8205 Johnson Field Apt. 462"
"Port Aprilland, GU 40940"",5"
"558,2505,Shipped,167.24,2024-04-29 05:54:51,""98214 Jason Drives Suite 627"
"Rhodesville, NY 47852"",4"
"559,881,Pending,3879.9,2024-02-01 08:47:35,""985 Sandy Run"
"Wigginsfurt, GU 41777"",4"
"560,448,Pending,4987.48,2024-02-23 22:37:24,""0918 Jerry Summit"
"Sloanmouth, IA 84886"",4"
"561,1141,Shipped,2447.28,2024-01-28 08:32:14,""PSC 7045, Box 2628"
"APO AA 84465"",1"
"562,1011,Pending,2377.66,2024-09-07 09:51:38,""25227 Angel Key Suite 939"
"East Christine, PR 23254"",5"
"563,2515,Pending,485.29,2024-09-14 01:24:26,""4567 Rice Spur Apt. 095"
"Laurabury, LA 87812"",5"
"564,41,Shipped,592.59,2024-08-22 06:46:15,""29455 Vincent Mews Suite 164"
"North Jessica, RI 72242"",4"
"565,73,Cancelled,1726.14,2024-09-13 03:09:33,""512 Castro Ranch Apt. 481"
"Benjaminland, SD 58260"",3"
"566,3268,Pending,2694.41,2024-03-03 02:28:21,""391 Judith Extensions Apt. 025"
"West Laurie, ND 91934"",1"
"567,2308,Cancelled,2584.33,2024-03-05 12:55:25,""835 Merritt Green Apt. 458"
"South Victorstad, MS 51334"",3"
"568,2865,Pending,4719.78,2024-04-05 07:43:40,""40702 Dickerson Trail Suite 409"
"Bergburgh, MA 92914"",5"
"569,2159,Completed,2529.99,2024-09-10 18:43:59,""6265 Anderson Rue Suite 923"
"South Antonio, CT 25196"",2"
"570,446,Shipped,2558.79,2024-03-29 09:01:59,""3887 Murray Square"
"North Curtis, MD 22314"",5"
"571,335,Shipped,1271.72,2024-01-09 11:02:06,""5482 Tara Crossing Suite 230"
"Mercadoport, FM 45549"",2"
"572,365,Cancelled,3496.68,2024-10-02 17:32:20,""7374 Nichole Grove"
"New Robert, WA 68336"",1"
"573,35,Pending,4017.44,2024-01-16 11:42:39,""3854 Parker Hills"
"Ruizfort, PA 97020"",1"
"574,1707,Completed,4893.78,2024-08-20 07:16:06,""9953 Kathy Motorway Apt. 338"
"New Julieland, MA 60594"",1"
"575,3422,Shipped,2943.88,2024-06-05 22:12:45,""983 Andrew Lights"
"Powersborough, SD 76234"",3"
"576,319,Shipped,1490.21,2024-03-07 13:29:43,""858 Gonzalez Highway Suite 350"
"Pierceborough, TX 61322"",1"
"577,1713,Shipped,4706.84,2024-05-30 13:50:48,""573 Joseph Stream Suite 663"
"Lake Ashley, AZ 81992"",4"
"578,2821,Cancelled,4931.65,2024-03-23 19:20:15,""16843 Mike Bypass Suite 641"
"Port Wendy, FM 71552"",2"
"579,853,Shipped,1399.62,2024-05-22 18:57:59,""354 Hailey Vista Apt. 358"
"Susanborough, NE 98096"",2"
"580,1198,Pending,4478.96,2024-09-06 13:03:27,""1809 Diaz Plains Suite 754"
"Port Robin, WI 84601"",1"
"581,1475,Pending,4568.91,2024-07-08 06:48:44,""Unit 9650 Box 8519"
"DPO AP 83705"",3"
"582,1523,Shipped,3978.45,2024-05-12 05:20:38,""860 Anna Locks Suite 733"
"East Brianview, NH 66174"",1"
"583,2507,Pending,105.43,2024-10-01 07:22:01,""276 Guerrero Inlet"
"South Rodneyshire, HI 21217"",4"
"584,2761,Pending,3821.51,2024-09-20 19:27:40,""354 Nancy Meadows Suite 337"
"Lake Elizabethport, MP 22512"",2"
"585,1168,Completed,3004.72,2024-01-28 18:39:01,""97325 Weiss Points"
"Lake Russellbury, MH 88984"",1"
"586,3413,Completed,277.96,2024-07-07 21:19:36,""31694 Kane Street"
"New Gary, NV 69507"",4"
"587,3300,Shipped,1708.97,2024-09-03 13:35:52,""510 Murphy Manor Apt. 567"
"Quinnmouth, CT 31188"",3"
"588,2861,Shipped,243.13,2024-05-23 18:46:18,""USNS Williams"
"FPO AE 93989"",4"
"589,292,Completed,4435.33,2024-01-07 09:06:39,""12412 Eric Freeway"
"North Steventon, VA 05395"",3"
"590,1775,Pending,4277.21,2024-04-24 18:35:44,""6810 Griffin Falls"
"Garciashire, VA 18247"",1"
"591,1719,Cancelled,1590.21,2024-02-02 15:33:21,""06035 George Court"
"Espinozabury, SD 52195"",3"
"592,2693,Pending,3263.19,2024-06-03 22:22:10,""65786 Jackson Cliffs Suite 186"
"Michelemouth, SC 19550"",1"
"593,3271,Pending,3651.45,2024-04-09 05:49:41,""45670 Nathan Junctions"
"North Carlaville, MA 79407"",5"
"594,2317,Completed,172.63,2024-02-10 21:42:53,""923 Alvarado Ridge Suite 610"
"North Benjaminfort, CA 27609"",1"
"595,215,Cancelled,2464.83,2024-06-05 09:49:58,""7030 Lynn Groves"
"Kelseyshire, OR 61357"",5"
"596,1006,Pending,2619.77,2024-01-17 23:29:03,""35354 Cathy Gardens Apt. 860"
"Lake John, MA 17727"",1"
"597,2836,Shipped,4044.03,2024-03-23 21:16:48,""365 Vanessa Shore Suite 621"
"Lake Bradleyside, SC 05689"",4"
"598,926,Cancelled,4036.71,2024-05-28 09:20:38,""7648 Contreras Trace Apt. 123"
"Sullivanmouth, WV 44929"",4"
"599,1902,Completed,228.88,2024-07-02 03:05:00,""165 Ware Corner Suite 611"
"Tammyland, DE 43370"",4"
"600,1610,Pending,4209.59,2024-09-14 05:26:58,""87258 Kirk Drive Suite 676"
"Jeremyton, NE 57324"",5"
"601,1099,Completed,1960.21,2024-04-09 23:10:28,""52264 Mendoza Mall"
"West Brandonland, ID 07714"",1"
"602,1537,Pending,1613.16,2024-05-31 02:11:40,""112 Christopher Hollow Suite 264"
"Port Heather, WY 94115"",3"
"603,2636,Shipped,3462.45,2024-07-21 06:50:30,""8273 Foster Mountain"
"West Davidfurt, WV 26822"",4"
"604,2637,Shipped,3352.51,2024-05-23 05:29:57,""326 Noah Keys"
"Port Christine, LA 33420"",4"
"605,2713,Shipped,2299.81,2024-02-05 18:16:01,""9342 Nichole Center"
"Whitemouth, WY 74419"",1"
"606,1315,Pending,950.02,2024-08-31 07:09:47,""212 Garcia Land"
"Andrewshire, NC 59092"",1"
"607,2902,Shipped,1838.4,2024-08-22 09:01:20,""PSC 6550, Box 3840"
"APO AE 33299"",3"
"608,2482,Shipped,4747.3,2024-03-28 14:10:13,""040 David Wells Suite 924"
"Port Matthewchester, WI 23906"",2"
"609,1863,Pending,2517.18,2024-09-20 16:50:56,""6684 Michael Port Apt. 741"
"Stacyton, VI 57182"",5"
"610,1247,Completed,3856.9,2024-05-26 18:31:37,""016 Brewer Brooks"
"West Kimberlyborough, DC 56238"",5"
"611,2457,Pending,397.22,2024-08-29 21:46:13,""7427 Edwards Neck"
"Heidibury, IL 32666"",5"
"612,132,Shipped,4126.49,2024-04-20 18:26:02,""75423 Joshua Groves Apt. 309"
"Shannonchester, NH 61373"",3"
"613,2521,Pending,1028.36,2024-05-18 18:45:16,""8634 Robert Neck"
"Lake Alyssa, LA 73675"",4"
"614,1672,Pending,59.9,2024-09-01 15:07:04,""57701 Lawrence Oval"
"East Carlos, MT 17179"",2"
"615,199,Pending,177.79,2024-05-17 22:43:25,""71699 Michael Trace Apt. 305"
"New Lisaberg, VT 80699"",1"
"616,2881,Completed,618.85,2024-02-18 14:04:29,""32664 Raven Ports"
"East Tommyville, ID 65229"",4"
"617,1075,Pending,1225.58,2024-02-09 21:01:02,""4960 Mason Ridges"
"North Stephanieshire, SC 01673"",5"
"618,1194,Cancelled,1688.28,2024-02-09 08:37:24,""7856 Nancy Divide Suite 809"
"Lake Chad, GA 18224"",3"
"619,1109,Pending,521.17,2024-09-02 21:00:32,""7246 Davis Springs"
"Millerland, GA 41023"",4"
"620,823,Pending,4764.97,2024-06-27 21:03:24,""8687 Roach Park Suite 857"
"Arnoldview, NH 46603"",5"
"621,2666,Pending,196.13,2024-05-10 23:24:59,""326 Benton Orchard Apt. 771"
"Lake Charlesberg, WY 68033"",3"
"622,941,Completed,566.35,2024-04-25 14:29:45,""04226 Kayla Throughway Suite 614"
"North Valerietown, NV 91642"",3"
"623,3143,Cancelled,2451.22,2024-05-07 16:54:22,""2289 Sharon Shoal"
"South Gregory, NJ 59576"",2"
"624,2767,Cancelled,211.85,2024-10-04 16:53:24,""9557 Aguirre Track"
"Port Jeffreyburgh, IL 15635"",2"
"625,1855,Shipped,893.57,2024-05-28 04:09:51,""93487 Harris Ridge Suite 995"
"Floresstad, CA 62314"",4"
"626,2820,Cancelled,2367.72,2024-02-05 08:50:10,""6479 Lopez Heights"
"West Jacob, FM 53346"",3"
"627,492,Cancelled,3667.46,2024-09-06 13:47:29,""9195 Thomas Mountain"
"Lake Tyler, CO 11315"",1"
"628,1644,Pending,2946.67,2024-07-11 18:19:24,""07189 Steven Ford"
"Morganfurt, AR 04744"",4"
"629,1389,Pending,3009.06,2024-06-21 09:54:07,""268 Ryan Trail"
"Lake Brent, SC 14177"",5"
"630,2650,Cancelled,3572.63,2024-04-01 00:22:51,""6258 Philip Coves"
"West Ashley, PA 09705"",5"
"631,3079,Cancelled,3198.83,2024-06-04 02:25:07,""22893 Elaine Mountains Suite 324"
"New Denise, NE 65356"",5"
"632,2192,Pending,2587.16,2024-08-16 23:11:08,""2606 Robin Lane Suite 066"
"Evansfurt, DC 19174"",2"
"633,865,Pending,2387.0,2024-07-26 18:53:31,""PSC 1981, Box 4551"
"APO AP 47720"",1"
"634,366,Completed,4183.02,2024-08-30 23:39:02,""94044 Allen Vista Suite 460"
"Lake Lauren, UT 90602"",2"
"635,3342,Pending,2130.8,2024-08-15 08:14:44,""5653 Yu Camp"
"Lake Ralphbury, MO 19330"",5"
"636,1839,Shipped,3568.88,2024-09-29 18:14:05,""219 Garrett Track Apt. 201"
"New Barbara, TN 82768"",3"
"637,2644,Cancelled,3777.91,2024-07-29 10:14:15,""4312 Michael Light Suite 096"
"East Laurenfort, FL 79527"",5"
"638,2898,Cancelled,4311.91,2024-09-18 13:34:55,""047 Christine Islands"
"Hopkinstown, DE 39519"",5"
"639,1897,Cancelled,1934.75,2024-01-15 13:25:11,""79676 Andrews Coves"
"Vasquezborough, LA 80428"",5"
"640,1803,Completed,488.86,2024-02-11 20:21:51,""01925 Miguel Well"
"West Justinton, FM 15703"",3"
"641,1888,Pending,1782.14,2024-03-31 22:03:46,""72704 Stevens Inlet Suite 811"
"West Kelly, LA 30023"",5"
"642,3010,Pending,4051.61,2024-09-17 08:03:15,""731 Payne Villages Suite 594"
"North Nicoleside, OH 50442"",2"
"643,3033,Shipped,729.88,2024-08-05 13:33:09,""23259 Price Mountain"
"Mitchellshire, MD 33342"",1"
"644,1284,Cancelled,848.66,2024-09-01 00:42:17,""5072 Kimberly Green"
"Rothside, DC 70133"",2"
"645,2891,Shipped,967.41,2024-05-14 05:03:06,""USCGC Harvey"
"FPO AP 50117"",1"
"646,3228,Cancelled,4673.06,2024-02-02 10:57:35,""984 Patrick Underpass Apt. 343"
"Tinaburgh, NC 64278"",1"
"647,2517,Shipped,3933.69,2024-09-28 03:22:23,""09750 Mata Creek Apt. 770"
"North Bruce, LA 22401"",4"
"648,3310,Cancelled,3881.26,2024-06-25 07:06:27,""088 Rachel Manors Suite 588"
"Dianaport, MS 25765"",5"
"649,3270,Cancelled,844.54,2024-02-04 13:49:02,""380 Harrington Run Suite 968"
"Jenniferhaven, FM 18947"",5"
"650,1812,Pending,1673.42,2024-05-01 18:53:10,""17357 Lopez Station"
"Bellberg, WV 55458"",1"
"651,3406,Completed,3875.84,2024-09-11 01:12:35,""263 Perez Camp"
"West Margaretbury, AS 43549"",3"
"652,3406,Cancelled,1000.47,2024-05-30 04:04:56,""4396 Tiffany Valleys Apt. 613"
"East Breannafort, VI 23877"",4"
"653,2791,Pending,2400.58,2024-09-17 16:23:45,""92558 Perkins Mission Apt. 785"
"Port Jorge, TN 46950"",4"
"654,1075,Cancelled,2084.64,2024-06-19 14:19:15,""02962 Cunningham Lodge"
"Angelaborough, NY 19976"",4"
"655,3457,Cancelled,4012.19,2024-06-18 03:48:55,""010 Anita Road"
"Carlaview, MT 80035"",5"
"656,1685,Pending,4282.77,2024-03-23 14:52:06,""7578 Jacob Green"
"New Christopherland, NH 54415"",5"
"657,3417,Shipped,1776.41,2024-05-11 15:52:46,""PSC 7639, Box 5128"
"APO AA 03268"",2"
"658,2751,Completed,4047.53,2024-03-29 04:57:38,""PSC 1151, Box 2697"
"APO AA 08435"",1"
"659,2342,Completed,3342.59,2024-07-07 14:37:08,""5831 Sandra Unions"
"West Benjaminburgh, MT 30520"",2"
"660,1091,Pending,4143.72,2024-03-22 04:55:30,""9502 Cole Row"
"West Renee, NV 47640"",4"
"661,2013,Pending,2312.59,2024-04-13 07:22:19,""519 Darlene Island Suite 646"
"Benjaminfort, ND 36145"",1"
"662,2686,Pending,583.01,2024-06-05 07:28:30,""85109 Adams Path"
"Kayleeport, MD 81819"",4"
"663,3151,Completed,3364.43,2024-08-01 02:27:59,""046 Anthony Falls"
"Isaiahchester, TX 77625"",1"
