"product_id,name,description,price,stock_quantity,category_id"
"1,Clearly,Majority pay production big.,50.89,79,147"
"2,Together,Will certain hard bed event.,331.11,59,191"
"3,Real,Its food support reality eight.,207.19,23,181"
"4,Challenge,Picture yard across attorney official simple.,568.08,16,44"
"5,Attorney,Good bring defense.,166.97,55,163"
"6,West,System marriage fall actually suddenly.,556.72,45,35"
"7,Season,Brother today small cause notice various.,888.71,6,132"
"8,Believe,Author but career.,99.28,47,4"
"9,Small,Activity finally summer establish difference.,708.26,36,53"
"10,Least,Attack form speak past test.,483.54,21,186"
"11,Value,Clearly brother pass lose yourself left policy.,701.51,9,89"
"12,Evidence,Time south wife house.,556.86,10,117"
"13,Treatment,Artist somebody thousand late.,179.17,59,113"
"14,Thank,Admit ask tree meet.,214.35,78,108"
"15,Three,Serve his difficult series them his.,964.14,8,41"
"16,Itself,Difficult else together argue husband.,579.0,64,55"
"17,Nearly,Will career prepare answer.,829.46,90,25"
"18,Environment,Tv dog against bad.,977.59,4,77"
"19,Thought,Bar record carry challenge know it.,370.5,81,106"
"20,It,Fine allow change fill ever the wonder.,490.97,36,159"
"21,Remain,Skin consider policy capital yard get bring.,772.45,55,130"
"22,Mouth,Film data wall become feel already least.,178.61,22,157"
"23,Eat,Often PM visit wall.,864.38,9,19"
"24,Break,Difficult tonight especially gun art for involve.,932.68,48,156"
"25,News,Present those this million.,743.61,43,147"
"26,Prove,Someone dinner play.,626.04,98,120"
"27,Upon,Without under reason color middle have.,641.07,68,42"
"28,Modern,Loss yourself never current film box management.,962.27,60,192"
"29,Without,Analysis car hold bill.,902.25,19,185"
"30,Already,Friend deep office offer movie perform.,729.24,70,49"
"31,Region,Star partner knowledge degree significant check put.,839.23,37,187"
"32,Out,Yourself describe professor southern money.,102.24,62,42"
"33,Sound,Not toward hold onto identify.,306.15,73,180"
"34,Will,Stand happy series discussion suddenly nice.,858.09,2,101"
"35,Program,Word late under special.,359.54,81,189"
"36,Open,Appear say and method.,772.57,60,35"
"37,Upon,Style thus operation million.,472.74,99,105"
"38,Pick,Statement note thank ball.,881.6,88,42"
"39,Experience,Then single week protect decision without.,677.02,36,54"
"40,Manage,Generation view heavy.,266.35,8,133"
"41,Sure,Instead popular require though.,913.33,72,196"
"42,One,Hospital situation both always along clear together.,749.09,55,2"
"43,Notice,Food traditional light month color girl identify.,917.09,88,182"
"44,Shake,House guess price clear indicate because.,22.76,30,72"
"45,Speech,Season account race sit may.,440.91,84,4"
"46,Program,Never across serve perhaps need go.,190.71,57,47"
"47,Speak,Run box somebody health expert raise against.,539.36,9,177"
"48,Almost,Relate walk site care this discuss education.,602.25,17,7"
"49,Left,Various shake tax off keep many.,639.84,14,167"
"50,Child,Talk environment customer most watch entire player trade.,213.8,43,112"
"51,Staff,Instead century speech market support similar project.,648.6,66,97"
"52,Culture,Ask indicate may production that receive.,983.75,92,64"
"53,Green,Figure cold time begin off determine wind.,409.72,87,85"
"54,Others,Mention capital factor education yeah family.,182.11,84,58"
"55,Store,Force company environmental guess drop state.,906.07,5,129"
"56,Yeah,Gun cup between pull science huge describe.,856.59,92,63"
"57,My,Phone impact adult.,131.39,35,95"
"58,Role,Like security Mrs development score.,710.48,66,157"
"59,Our,Change lot create under near.,765.54,28,123"
"60,Soon,Image final region body four.,484.06,47,189"
"61,Success,Lawyer surface field while American blood.,929.81,89,173"
"62,Truth,Take prevent value name.,365.2,32,179"
"63,Why,Success detail camera suggest most allow leader.,619.75,80,175"
"64,Point,Book trip above thank game soldier building.,422.24,2,131"
"65,Rate,Indeed serve whether teach most body.,282.96,34,195"
"66,Election,Newspaper including plan statement young score compare husband.,871.23,5,124"
"67,Best,Happen play approach sea.,927.16,64,83"
"68,Wrong,Public growth various develop before.,919.05,80,127"
"69,Son,Computer building one law I crime friend.,253.55,89,43"
"70,As,Coach participant wide issue bag car chance.,976.14,47,94"
"71,Glass,Animal writer ago always condition.,463.55,98,175"
"72,Third,Region politics environment late scene article.,105.44,34,43"
"73,Building,Own watch back.,46.9,6,109"
"74,Report,Trial process between take bank because through door.,536.92,7,39"
"75,Short,Local live keep its somebody down face.,341.55,44,56"
"76,Program,Admit room fall scene three or better.,990.99,80,161"
"77,Should,Above seven few participant.,161.84,47,130"
"78,Go,How key land any physical despite foot.,271.65,77,133"
"79,Professor,Already line camera anyone resource.,216.31,72,171"
"80,Hard,Smile seem people.,33.31,51,109"
"81,Land,Test throw cell forget wonder.,232.75,44,49"
"82,Question,Which reflect thought human.,275.15,26,8"
"83,Others,Religious son figure tree.,593.78,83,170"
"84,Fall,Result just operation could firm black operation.,28.75,82,31"
"85,Wish,Prove view player run alone radio near.,902.76,53,59"
"86,Letter,Republican defense bag war toward.,129.28,3,107"
"87,Mouth,Past difficult student inside drive individual discussion.,836.67,66,46"
"88,Main,Herself though us adult stuff.,695.26,73,197"
"89,Loss,Dream budget coach operation outside treatment.,710.96,25,173"
"90,Heart,Number child short foreign physical author ground.,637.08,80,90"
"91,Event,Education floor culture sense increase year.,581.3,52,42"
"92,Series,Cup head economy indicate they.,622.36,38,120"
"93,Sing,Little early bed fly put.,93.18,10,130"
"94,Pull,Unit require where this national attorney.,350.39,91,130"
"95,Yeah,Shake family interest fast subject your.,641.43,80,44"
"96,Bag,Happen walk why stop free.,948.96,97,88"
"97,Should,Field education respond wait.,866.2,92,143"
"98,Especially,Laugh boy staff matter half hair.,803.6,93,62"
"99,Interest,Off may already public require.,870.43,3,127"
"100,Central,Spring during appear source manager sure.,371.85,20,118"
"101,Hospital,Investment read service detail pattern.,427.85,92,95"
"102,Blue,Stock theory shoulder sea.,442.92,34,188"
"103,Exist,Traditional middle politics pattern per consider pretty various.,952.76,47,7"
"104,Figure,Mind image address gun maybe prepare.,789.05,91,123"
"105,Save,Risk natural our can up charge.,90.0,39,57"
"106,Structure,Choice close probably physical.,821.03,93,149"
"107,Growth,Audience thing machine area fight price successful notice.,960.8,30,12"
"108,Number,Score respond work standard few reason.,986.26,82,16"
"109,Water,Better enjoy live bad.,457.91,29,151"
"110,Town,Medical start call spend avoid.,473.66,65,121"
"111,Deal,He realize reality suffer see.,779.87,64,177"
"112,Factor,Pressure require management standard throw effect lead.,977.37,28,188"
"113,Successful,Somebody sit ahead authority much.,674.24,62,103"
"114,Middle,Analysis environment could across source.,325.68,79,109"
"115,Yeah,Mrs total dream will color house.,959.56,92,26"
"116,Lawyer,Now major recently student join technology.,918.22,55,29"
"117,Staff,Mother commercial major air community technology debate.,939.74,1,101"
"118,Effect,Say police such billion shoulder.,192.79,87,191"
"119,Learn,Daughter see sometimes.,498.3,13,181"
"120,Consumer,Hope hotel character task more hospital stock.,713.97,51,166"
"121,Across,People minute nice hit recently him.,113.07,20,108"
"122,Significant,Whole chair cost will.,869.0,63,45"
"123,Own,Tend science difference care.,466.8,66,167"
"124,Lead,Ok read behind card fear simply.,195.89,22,167"
"125,Floor,Dog I yet.,19.92,5,132"
"126,Interest,Play growth school over fine worker.,391.83,5,6"
"127,President,Indicate certain whatever individual moment.,904.11,15,168"
"128,Usually,Small third size focus through.,777.97,17,28"
"129,Art,Behavior again pressure close.,185.78,35,4"
"130,Try,Hand kind way page anyone watch street.,709.37,29,121"
"131,No,Appear citizen television institution pay nature area.,758.43,34,190"
"132,Body,Use go entire send lot.,568.85,27,131"
"133,Others,Trial result model indeed level church.,778.06,34,159"
"134,Clearly,Rise list effect rich occur popular toward mouth.,378.26,22,132"
"135,Middle,Particularly drive Republican after.,748.36,31,56"
"136,Here,Wonder arm expect discussion evening trade herself.,980.14,81,59"
"137,Firm,Score like if cost heart.,714.02,93,6"
"138,Couple,That right series note.,679.39,62,3"
"139,Represent,Democrat pretty appear entire easy food laugh.,463.28,89,199"
"140,Create,Mouth west trial that believe side.,57.08,96,154"
"141,Suddenly,Down above push.,399.62,74,49"
"142,Away,Involve receive walk suddenly similar remember.,231.88,18,183"
"143,Upon,Stop set data.,829.96,2,191"
"144,Argue,Assume situation produce.,295.99,20,198"
"145,It,Surface price fact.,811.55,38,85"
"146,Street,Gun middle case bill.,957.03,5,192"
"147,True,Rise later night personal.,691.39,65,39"
"148,Region,Court direction hit entire serve land.,227.89,58,10"
"149,Help,Exist receive our add.,695.15,68,97"
"150,Card,Try red use should listen there despite.,900.17,78,16"
"151,Material,Now upon serious wish wrong.,347.74,10,162"
"152,Nor,Operation student senior size decision new about.,60.94,88,48"
"153,Even,Evening move determine sport military.,928.62,36,41"
"154,Against,High professional hundred.,259.63,71,179"
"155,Determine,Arm vote program condition while manager wife.,208.13,90,53"
"156,Involve,Full also can prevent moment.,861.73,50,72"
"157,Shake,South size statement up case throw still.,859.86,48,143"
"158,Outside,Table challenge care soldier.,20.25,68,145"
"159,Reveal,Whose describe feel as manager result.,641.74,55,7"
"160,Light,Reason rather everybody find street cut movie big.,431.75,3,95"
"161,Color,Should physical smile too.,424.1,45,101"
"162,To,Ago year attack east street.,182.86,93,184"
"163,Store,Despite pass imagine situation place film move.,919.67,2,42"
"164,Newspaper,Fish left avoid blue.,162.73,96,118"
"165,Help,Media protect pretty everybody close cup on.,153.78,12,159"
"166,Future,Off maintain if Democrat our mouth.,96.99,66,117"
"167,Common,War right administration ask.,968.77,53,60"
"168,Whatever,Treat season space environmental choice air.,571.86,8,10"
"169,Position,Pass red business charge left.,370.43,76,47"
"170,Professional,When whose when term dark from draw leg.,678.4,63,185"
"171,Environment,Probably important in ever Mr kind.,736.86,39,27"
"172,Situation,Prevent low mean watch lay.,459.03,71,89"
"173,Maintain,There teacher board arm.,826.07,44,191"
"174,Probably,Few nature test easy.,382.13,58,124"
"175,Agreement,Story someone film husband.,316.25,76,190"
"176,Relationship,Stuff other area decision.,757.93,11,2"
"177,Lose,Tell perhaps learn religious.,407.5,93,110"
"178,Of,Price town million thus so.,679.48,42,194"
"179,Father,Near lead TV sometimes.,759.15,36,37"
"180,Pm,Also inside understand claim act from policy.,862.55,85,45"
"181,After,Chair north resource key.,795.73,58,72"
"182,Share,Happen the far between old relationship director.,714.98,62,151"
"183,Land,Tough provide when customer.,357.2,11,61"
"184,Hundred,Notice member should article.,29.57,95,192"
"185,Base,Miss way money store point crime.,287.03,97,32"
"186,Teach,Marriage husband music policy hospital.,490.66,34,134"
"187,Reflect,Tough herself unit to.,974.34,17,48"
"188,Bit,Series than study issue level.,181.08,81,159"
"189,Positive,Deep environmental because stand indicate.,711.57,58,48"
"190,One,Director hundred use artist draw security item.,181.84,1,156"
"191,Rule,Exist clear these might.,564.72,73,57"
"192,Poor,Morning three here dream young responsibility help.,623.09,85,149"
"193,Between,Statement seek surface state most including size.,837.37,36,116"
"194,Example,Allow campaign commercial way spend beyond.,908.25,92,4"
"195,Agreement,Sport road nothing poor day remain.,887.89,56,3"
"196,List,Plant around talk perform over wall.,261.19,39,180"
"197,Back,Still may watch name decide social someone.,63.12,55,18"
"198,Son,Give international husband word.,637.6,23,70"
"199,Open,Win above rise garden take exactly interview west.,649.26,71,98"
"200,Until,Individual example simple respond data a.,911.07,22,160"
"201,Work,Gas item into success.,688.44,39,36"
"202,Should,Parent policy letter west life room away.,918.74,21,70"
"203,Fact,Series entire often bring also often.,553.13,7,96"
"204,Near,Baby day democratic trouble beyond training early stage.,852.76,3,188"
"205,Add,Choose speech sound left tend street fire.,470.51,63,184"
"206,Others,Much evening cover Republican huge care.,916.46,20,188"
"207,Explain,Member guess country heart cold which.,758.57,99,62"
"208,Save,Ago someone hundred law.,623.12,94,82"
"209,Each,Wife start more ask office must.,498.06,60,191"
"210,Notice,Name talk every charge run.,723.11,37,174"
"211,Beyond,Now model popular safe.,213.7,12,47"
"212,Eat,Court knowledge born order wonder debate like house.,73.49,53,150"
"213,Behind,As least final action.,561.78,66,155"
"214,Dream,First ago fast note.,287.04,42,110"
"215,Available,Agency eat recently.,725.64,56,176"
"216,Her,Home meet because total prevent site specific.,339.57,91,139"
"217,Kitchen,Fight color rate car stop day.,300.05,57,129"
"218,Onto,Short wait maybe candidate wife card.,972.42,92,45"
"219,Suffer,Bank power check issue future.,301.18,86,196"
"220,How,Gas name fact cold their add.,38.09,54,32"
"221,Physical,Better late easy film letter letter.,609.34,63,116"
"222,Event,Responsibility time free main none per.,358.56,88,155"
"223,Wind,Success project car popular summer blue receive.,83.11,22,72"
"224,Feeling,Mr section today think site pattern.,601.66,55,166"
"225,Indeed,Soldier should important for government ago.,920.02,84,99"
"226,Against,Discuss weight he war learn.,305.77,37,32"
"227,Follow,Tv perhaps often detail money.,539.43,56,67"
"228,Bed,Special parent against born think.,577.32,61,104"
"229,Station,Receive summer in start ground down center.,880.76,94,77"
"230,Method,Billion accept bed media ready party score.,634.79,74,92"
"231,Class,Throughout one vote which every.,380.31,12,90"
"232,Modern,Something like loss budget thought.,593.38,79,147"
"233,Throw,Plant class development position room writer.,727.94,29,62"
"234,Government,Source painting in maybe.,27.16,13,143"
"235,Animal,This surface society.,30.3,18,105"
"236,Current,Position environmental although much scientist.,365.28,46,147"
"237,Peace,Fight several follow doctor yeah somebody.,982.18,75,52"
"238,Can,Keep final often hot relate decide civil.,191.73,56,26"
"239,Better,Moment send use student month.,944.79,36,93"
"240,Decision,Arm effect yes wind.,840.6,82,173"
"241,Democratic,Tree affect reduce.,836.26,3,19"
"242,Tell,Campaign table too.,417.17,59,5"
"243,Position,Statement from white image agreement source life rate.,49.65,98,56"
"244,Management,Condition me hair performance understand direction.,875.23,97,152"
"245,Would,Art adult white voice dark value item.,675.32,99,126"
"246,Cultural,Word remember finish relate range direction role.,638.7,8,65"
"247,Address,West color we gas billion very wrong.,595.56,94,134"
"248,Use,A some page wait short.,915.64,55,19"
"249,Business,Board little under right after forget reason.,707.4,93,181"
"250,Measure,At whom daughter no similar respond.,81.88,52,121"
"251,Learn,Blue vote training indicate majority production.,416.34,100,105"
"252,Meet,Class myself worker research.,21.8,63,38"
"253,Color,Book today notice sell experience.,575.5,73,141"
"254,Condition,Cover development husband common up.,109.75,24,33"
"255,Pretty,Early responsibility assume be material candidate result.,185.55,7,70"
"256,Bed,Man recently report seem spring sell.,443.7,47,73"
"257,Well,Writer majority rest pick hospital history science.,182.9,30,76"
"258,School,Send paper least.,297.11,16,171"
"259,Expect,Dog option light clear mouth inside fine.,84.55,17,44"
"260,Fly,Back continue yet forward service.,597.95,7,68"
"261,Conference,Treatment against true father.,905.75,66,75"
"262,Become,Together book certainly.,758.73,32,88"
"263,Live,Community kind this kid get letter.,403.78,27,125"
"264,Main,Worry occur already situation agree age idea.,647.19,67,18"
"265,Policy,Movement middle assume organization board live room happen.,573.34,19,86"
"266,Know,Behavior series involve quickly southern poor letter.,556.22,50,120"
"267,Respond,Green cover hit road establish maybe.,219.06,83,107"
"268,Late,Know sense though point.,510.91,14,94"
"269,Yet,Son suffer room history.,816.08,21,32"
"270,Seem,Card through town fine.,696.14,30,71"
"271,Kid,East ability parent.,356.83,90,105"
"272,Left,Hand six find though rather town radio compare.,880.86,7,137"
"273,Situation,Field deal play.,489.07,36,134"
"274,Resource,Source recently and.,560.45,27,51"
"275,Course,Election theory wife either really.,259.53,88,95"
"276,Quite,Ok rule test threat.,233.98,43,162"
"277,Owner,Activity various federal help though scientist picture middle.,389.64,92,76"
"278,Event,Focus into chair Congress window argue.,311.36,97,121"
"279,Instead,Yard box serious summer question officer hit nice.,681.38,30,46"
"280,Letter,Fact trip sort day movie.,106.98,83,136"
"281,Yeah,Adult customer huge.,27.77,4,91"
"282,Production,Must physical protect voice history.,10.09,47,200"
"283,Return,Him enter life.,610.22,8,139"
"284,Else,Assume step conference own computer.,16.43,51,51"
"285,Trade,Hard various chair add.,360.54,82,192"
"286,Institution,Leave message see democratic example.,926.86,3,96"
"287,Family,To spend necessary type represent read.,88.41,48,164"
"288,Pm,Wear community us TV training your.,740.69,45,156"
"289,Most,South hair low quality there if join network.,582.76,91,117"
"290,Stuff,Sometimes hear begin month little continue lose.,647.8,26,110"
"291,Four,Son people president middle event.,492.05,80,100"
"292,Daughter,Stuff hair music sell end on growth.,981.09,1,69"
"293,Reach,Affect treatment east receive under every.,571.55,87,5"
"294,That,Specific news later final soon.,731.45,41,2"
"295,Media,Under group vote of region.,349.07,9,48"
"296,Movie,Follow sign company according free think.,306.31,34,81"
"297,Red,Mrs sea forward PM four dog action.,474.1,9,38"
"298,Reflect,Become effect special find skin.,560.47,22,69"
"299,Business,Assume at single ok human network over.,410.09,13,11"
"300,Hot,Ask floor clear direction build along attention.,955.1,75,32"
"301,Receive,Cup voice occur test.,923.55,23,47"
"302,Language,Require around stand seek old consumer.,301.16,97,50"
"303,Usually,Training law police town face.,423.26,51,148"
"304,He,Yet continue whatever hold relate impact.,868.86,66,29"
"305,Yet,Along senior heart read item.,35.31,48,182"
"306,Win,Season dark my son.,35.31,42,5"
"307,Do,Fall type glass kid past reality laugh.,829.11,70,48"
"308,Business,Increase language interest.,653.08,15,168"
"309,Affect,Challenge perhaps main international material.,41.11,3,178"
"310,With,Scientist keep although decide quality.,590.61,80,118"
"311,Admit,Case specific yet bit begin agency account meeting.,366.98,2,72"
"312,Rather,Vote owner region this.,972.07,41,52"
"313,Administration,Affect change hard notice girl certainly care.,352.26,7,87"
"314,Contain,Institution girl cost write fight.,418.48,62,41"
"315,Establish,Today our represent approach large.,558.49,76,43"
"316,Product,Open government newspaper case second change shoulder.,259.83,93,106"
"317,Network,Radio today among baby him.,235.19,28,109"
"318,Sign,Course language more human.,298.55,65,18"
"319,Television,State rock garden may according employee.,48.32,76,173"
"320,Once,Rather join wind kid.,776.35,87,174"
"321,Common,Cut size consider range coach thank.,747.97,93,170"
"322,Between,Situation writer inside vote.,799.42,76,122"
"323,Summer,Answer consumer like candidate.,442.23,37,112"
"324,Option,Mrs statement yourself six tonight field job.,570.87,2,37"
"325,Some,Any recent police environment.,938.89,44,82"
"326,Economic,Ten teacher herself environment main.,417.33,18,79"
"327,If,Security require still individual.,591.08,64,71"
"328,Into,Bar herself doctor course test result left.,959.16,15,137"
"329,Mr,When increase radio assume but right meet.,136.16,37,93"
"330,Certainly,Born worker main amount out.,952.57,12,160"
"331,Street,Water think quality environmental third exist.,780.95,58,166"
"332,Congress,Fill couple program color speech world.,503.51,62,90"
"333,Young,Positive break reach head seem executive interesting.,248.85,15,138"
"334,Dark,Grow whether pattern sell travel born.,261.22,85,120"
"335,Difficult,Challenge than certainly stop eye choice this.,917.05,93,197"
"336,Spring,East while yourself then officer east program.,280.55,82,40"
"337,Form,Lose key lose investment challenge event.,773.92,36,175"
"338,Avoid,Right grow any anything dark.,234.94,51,161"
"339,Memory,Significant very of attorney.,327.25,17,64"
"340,Could,Yes subject civil feel drug.,812.05,50,163"
"341,Certain,Fine bring these street operation particular his.,920.21,76,169"
"342,Bar,Can suddenly let page letter indeed.,47.73,78,54"
"343,Pattern,Stay hard activity fact vote product.,747.47,10,109"
"344,Now,Health while common board quality give.,274.86,9,188"
"345,Teach,Part station generation every science method term.,684.89,82,105"
"346,Be,System able dream skin together face.,491.67,60,57"
"347,No,Hear design term parent drive.,66.27,25,30"
"348,Maybe,Late right boy well food.,209.96,55,143"
"349,Already,My arm various foreign very area southern.,939.7,16,60"
"350,Foreign,Agent American set no affect him.,500.08,5,190"
"351,Everyone,Pay item until break writer fund.,179.61,4,104"
"352,And,Behavior gas where meet gas.,778.05,78,33"
"353,Reason,Because rock project appear medical I inside have.,744.33,20,131"
"354,So,Research moment management shake act member.,656.92,5,126"
"355,Get,Expect establish answer.,655.35,48,100"
"356,Manager,Bill development determine national guess.,294.19,61,82"
"357,Until,Stop trouble nearly growth.,873.54,41,184"
"358,Sport,Result society miss remain.,315.62,39,105"
"359,Method,Production sit large year child mother.,837.97,55,12"
"360,Camera,Budget plan its institution view.,537.74,65,46"
"361,Necessary,Project listen thought soon.,562.92,11,57"
"362,Drug,Message make without a perform need clear.,394.41,3,36"
"363,Have,Agree Democrat night image similar away fight.,534.27,40,5"
"364,Official,Close model candidate decision laugh enter.,49.92,96,109"
"365,Hospital,Cultural although outside right manage military far.,713.49,72,188"
"366,Skin,Citizen him unit clearly lot everything.,805.17,28,43"
"367,Fear,Treatment issue product set.,276.29,33,116"
"368,Analysis,Minute sing other mouth one.,653.84,69,110"
"369,Mr,Nearly sing challenge rich grow although door respond.,508.67,19,99"
"370,Pretty,Still read meeting unit dog consider.,943.62,26,47"
"371,Television,Top long all today life thus field.,742.38,24,107"
"372,Particularly,Economy then could network try look pay.,798.17,28,111"
"373,Budget,Collection customer low image blue themselves lot.,577.73,82,18"
"374,Arrive,Parent most color friend.,892.04,63,146"
"375,Some,Western discussion drug area maybe century west.,695.55,4,63"
"376,Machine,Recognize line buy memory ever hospital.,153.99,13,95"
"377,Most,Affect million her example break country listen stage.,881.8,71,54"
"378,Into,Business best like price.,384.76,81,141"
"379,Be,Physical success try middle form here.,886.62,60,168"
"380,Structure,Easy team door manage.,704.06,29,92"
"381,Market,Under somebody remain material air laugh watch pull.,880.39,43,174"
"382,Onto,Wait morning or think off per.,769.78,51,171"
"383,Technology,Would evening reason.,522.43,58,144"
"384,Dark,Blue man find guy player.,692.82,1,114"
"385,Country,Reduce child know address suffer.,705.15,38,200"
"386,Science,Approach statement parent produce.,603.74,65,156"
"387,Room,Hit anyone hope article choice again.,976.27,32,13"
"388,Dream,Million by find when economy.,505.09,17,73"
"389,Adult,Month form play issue box answer fast.,752.83,64,126"
"390,Soldier,Become the room bill answer tax.,250.68,93,23"
"391,Who,Boy almost build watch and arrive spend.,642.56,78,23"
"392,Recently,Cup program perform.,760.03,36,123"
"393,Threat,Despite drop owner skill president shoulder a three.,616.95,85,12"
"394,Radio,Cover remain from message around business bill.,931.64,88,121"
"395,Throw,Growth whom so wind success.,761.08,18,37"
"396,Brother,Partner four say situation piece.,902.28,90,179"
"397,Its,Above art those far high follow.,512.97,64,162"
"398,Game,Congress modern try after walk attack window.,572.02,73,139"
"399,Manage,Into reality concern such car.,855.68,77,115"
"400,Threat,In add ago space finish feel.,202.89,2,193"
"401,About,Option these material century film someone.,433.15,49,71"
"402,Think,Establish center action clear chair future either.,477.17,3,198"
"403,Decision,Perform high painting last director pass.,464.04,61,135"
"404,Others,Five citizen ask many wonder local.,187.95,17,160"
"405,Kitchen,Air apply act decision light.,545.55,9,20"
"406,Where,Reality ready gun herself.,995.85,10,124"
"407,If,Institution throw here myself next green.,821.93,32,11"
"408,Open,Study report first assume street.,891.56,75,184"
"409,Exactly,Field civil positive too hear authority room.,251.99,59,88"
"410,Local,Field into candidate argue stop high listen fall.,910.91,41,157"
"411,Popular,Their direction politics quickly late.,331.51,7,62"
"412,Instead,Investment feel crime party oil move everybody.,570.65,83,144"
"413,Audience,Cost from more score.,735.04,45,14"
"414,Sport,Democrat son several forward important left there blood.,251.47,74,133"
"415,Spring,Black way what those first rest hard listen.,572.82,85,6"
"416,Sign,Else enter allow require charge front.,139.07,50,112"
"417,Natural,Sense image raise expert race financial it.,696.61,35,195"
"418,Head,Section coach shake author set.,395.39,40,195"
"419,Market,Style investment quickly foot possible toward.,854.45,77,76"
"420,Ok,Break start piece music protect fine here.,984.81,5,33"
"421,Amount,Fight right time law many add certain.,797.93,70,118"
"422,Light,Impact understand but.,270.16,61,89"
"423,Attack,When rule discuss item tough.,183.85,35,63"
"424,Direction,Community under hope I letter.,238.75,8,36"
"425,Low,Customer significant go glass.,418.93,42,76"
"426,Report,Thousand agency long per occur relationship.,580.46,15,14"
"427,Away,Store pick page western indicate again.,429.28,34,87"
"428,Body,Field reach not perform.,505.35,14,75"
"429,City,Direction draw home.,215.47,22,86"
"430,Across,Executive woman cause.,891.2,62,80"
"431,Offer,Side who require course country.,553.96,17,151"
"432,Do,Material real citizen morning miss number.,340.44,92,49"
"433,Fill,Beyond place bill finally example want enter.,603.74,63,171"
"434,Whether,Now debate put until.,552.79,30,137"
"435,Serve,Resource sense team must affect approach career significant.,675.04,10,44"
"436,Your,Long name service protect save teach.,295.77,64,182"
"437,Professional,Special success conference remain page minute.,250.61,70,108"
"438,Happy,Tell mother question person.,879.84,90,38"
"439,Read,Window above authority college.,895.5,44,199"
"440,Mrs,Mrs cup owner sport.,590.49,33,122"
"441,Know,Read ability know stage view then among half.,125.67,64,26"
"442,Role,Miss interest debate.,736.69,3,137"
"443,Physical,One stay commercial involve within.,629.62,16,86"
"444,Chance,Edge security recent reveal blood.,235.27,15,140"
"445,Middle,Letter court dark school large.,672.51,38,8"
"446,Hard,Cause increase federal yard.,383.86,99,2"
"447,Understand,Remain happy point state end.,498.17,28,142"
"448,Water,And course everything with near another.,346.66,98,24"
"449,Your,Notice team difference above.,485.23,64,156"
"450,Sure,Green would film kitchen success something expert.,286.88,84,20"
"451,Meet,Live send actually including.,787.78,83,83"
"452,Around,Forward check box despite parent attorney someone.,80.53,19,189"
"453,Red,Trade threat dinner all beautiful bad other.,566.16,11,45"
"454,Work,Before kid sometimes organization figure reach.,120.29,23,177"
"455,Arm,Stock you throughout five relate.,639.45,93,200"
"456,Window,Site real adult protect reality soldier.,804.24,36,38"
"457,Weight,Add rich position cover people forget right.,675.85,9,107"
"458,Long,Heart board floor future situation recognize.,851.91,81,110"
"459,There,Protect number like over catch fall.,60.79,16,85"
"460,Evidence,Section analysis have pattern but very teacher.,874.34,58,190"
"461,Assume,Treatment opportunity our dinner perhaps.,656.36,71,101"
"462,Seek,Actually sometimes agency staff exactly special.,544.56,7,38"
"463,Mr,Subject under cover sense his time what size.,680.69,18,64"
"464,Very,Body town morning because article wrong film.,957.02,58,38"
"465,Response,Herself cost risk politics bank discuss whether early.,738.14,75,194"
"466,Manager,Measure administration detail six up that.,348.52,1,174"
"467,People,Current yeah soon ago school population.,426.54,55,16"
"468,Significant,Provide everybody religious tax budget.,777.21,24,110"
"469,Answer,Born a market create particularly growth performance.,511.3,78,32"
"470,Director,Subject hear myself special point education occur.,732.42,42,70"
"471,Special,He training themselves suggest run before.,862.71,58,103"
"472,Professional,Center because heart long she chair certain.,600.35,79,30"
"473,Phone,Term current material to happy.,863.97,81,97"
"474,Instead,Laugh nearly myself suddenly west.,759.19,74,37"
"475,Meeting,Toward central interview same choice whose training.,744.64,16,75"
"476,Light,Almost unit very skill second keep.,461.14,60,124"
"477,Himself,Case use home baby.,813.38,43,183"
"478,War,Range also shake structure north social team himself.,243.1,85,33"
"479,Focus,My answer check still start catch film own.,313.1,4,50"
"480,School,Television to lot tree arm along kitchen.,734.92,35,130"
"481,Week,Want open establish now degree but.,699.49,17,165"
"482,More,Next policy nothing truth to.,105.83,69,42"
"483,Term,Expert can garden understand ahead represent.,901.18,80,37"
"484,Four,From stand human their law arm me.,386.59,20,46"
"485,So,Try wish if yard free face safe movement.,934.37,77,117"
"486,Season,Only discussion sister happy Congress couple theory.,614.34,22,24"
"487,Shake,After hundred especially evidence suddenly raise.,696.89,48,186"
"488,Turn,Probably growth another structure.,409.84,66,64"
"489,Building,Option level school leave.,681.28,60,131"
"490,Interest,Art partner big stop book line.,375.31,54,47"
"491,Nation,Building through size laugh level out.,424.0,48,130"
"492,Movement,Technology ability front realize main.,877.77,34,8"
"493,Result,Customer father large may while baby.,17.54,54,188"
"494,Adult,Agree say research especially condition view.,650.14,64,180"
"495,Eat,Boy structure evening table simple.,350.85,67,197"
"496,Understand,Any control crime.,346.4,89,114"
"497,Day,Show thousand power around mouth rule stop.,740.49,66,171"
"498,Possible,Away nearly also work them send.,371.52,30,38"
"499,Order,Minute along stage several fire event.,365.82,27,95"
"500,Analysis,Reduce about either current.,896.32,43,79"
"501,Movie,First like life truth performance conference above.,642.81,70,1"
"502,Standard,Rise short hospital about.,941.74,70,24"
"503,National,Around benefit significant ever detail four.,322.82,60,36"
"504,Boy,Lead commercial thus partner where.,655.96,97,187"
"505,Subject,Somebody wind life.,643.6,9,131"
"506,Light,General arm me program down official hear.,633.94,3,141"
"507,Grow,Something pick course throughout how way.,145.46,22,84"
"508,Just,Child purpose since card suddenly.,792.77,35,196"
"509,Red,Partner south campaign number.,139.26,70,64"
"510,Tree,Direction week hear put force radio.,155.53,42,44"
"511,Better,Girl sound until town.,212.91,12,182"
"512,Together,Stop trip heart all community always.,727.92,9,42"
"513,At,Seek leader knowledge expect.,293.99,38,13"
"514,Message,Alone method kitchen there.,543.54,75,8"
"515,Easy,Point structure nor appear two kind study.,859.44,37,94"
"516,If,Economic road send professional threat.,802.5,63,120"
"517,Realize,Republican necessary rate.,844.75,48,173"
"518,Fine,Executive court claim else body.,989.87,1,37"
"519,Any,War clear foot Republican past fall.,417.84,17,199"
"520,Common,Beyond fund court church your move tend.,641.31,58,84"
"521,Explain,Hot today agreement space.,780.81,22,94"
"522,Color,Likely image radio each case force.,455.09,47,32"
"523,Myself,Discussion show popular item government cost campaign.,125.0,20,154"
"524,Future,Discover understand development wish charge year hotel.,632.51,52,175"
"525,Coach,Determine town law can man across subject.,782.2,76,56"
"526,Sure,Event it moment blue.,206.05,12,112"
"527,Treatment,Above change decade.,576.52,38,168"
"528,Party,Hand recognize near.,861.15,12,90"
"529,Can,Eye my better someone wonder collection road.,872.67,70,74"
"530,By,Possible five myself boy woman easy memory.,486.06,12,1"
"531,Attention,Everything hold technology.,783.26,48,121"
"532,Contain,Concern better week research perhaps.,398.82,12,140"
"533,On,Message no minute easy.,52.0,39,26"
"534,Police,Itself class before compare stop information those.,389.71,51,173"
"535,He,Light able identify military class.,191.21,1,80"
"536,Other,Place give lot court future head.,807.03,36,58"
"537,Size,Success floor represent recent radio.,53.39,42,126"
"538,Now,So financial return foot.,939.82,24,17"
"539,Him,Understand less impact receive skin.,341.32,63,156"
"540,Respond,Marriage enter that goal within.,564.0,12,148"
"541,Star,Less accept add popular.,40.68,83,134"
"542,Officer,Third air Democrat how four.,116.62,50,67"
"543,Artist,Majority military less positive response study model.,863.73,20,152"
"544,Both,Successful my hit goal low.,395.68,12,60"
"545,Herself,Child huge surface coach attorney about.,478.54,100,60"
"546,Government,Traditional seat tend me.,26.19,36,28"
"547,Ready,Parent event article song government idea organization.,352.32,90,37"
"548,Available,Race break whatever like.,238.39,88,150"
"549,Character,Specific subject line brother hit.,652.75,17,138"
"550,Event,Spring line already attack produce arrive garden.,987.0,10,1"
"551,Part,Without speech on decide new there you.,635.67,52,34"
"552,Good,Doctor agreement authority break interview than site.,988.74,71,22"
"553,Economy,Material former next officer cause describe.,98.22,22,185"
"554,Thousand,How now foot magazine evidence.,356.48,16,96"
"555,Build,There side couple shoulder focus vote grow start.,511.92,67,15"
"556,Push,Leader memory wish rule employee you interview.,517.09,27,16"
"557,Son,Rock fear glass improve.,498.05,84,17"
"558,Song,Another learn machine former phone attack view.,971.75,45,140"
"559,Practice,Member away language financial ability scene always different.,113.57,65,117"
"560,Computer,History arm want position.,632.13,99,91"
"561,Again,Sing unit begin life trip line care determine.,529.44,35,3"
"562,Describe,Certain example hard adult accept wind fill.,329.48,45,52"
"563,Kind,Kitchen future again.,318.95,58,15"
"564,Pay,Quickly network type end.,950.75,21,192"
"565,Heart,Example benefit prepare before hotel.,131.98,57,4"
"566,Agent,Discuss agreement senior several effect cultural almost.,525.67,16,170"
"567,Very,Style spend add create.,373.58,29,167"
"568,Be,Recent establish vote perform fire clearly.,664.23,72,86"
"569,International,Federal crime far though interest.,148.45,65,54"
"570,Test,Cold meeting become box if black into subject.,100.72,47,31"
"571,Way,Ability whether difference professor start.,48.74,58,164"
"572,Report,Report nor seat career affect traditional what.,792.88,85,101"
"573,Worry,Beat baby us explain age major.,733.01,9,107"
"574,Property,Tree support cold page world build.,65.57,54,110"
"575,Keep,Back far method hope win call.,121.5,27,90"
"576,Personal,Fund evidence religious benefit enough culture question.,164.42,98,56"
"577,Question,Side bag interest left serious.,289.12,7,97"
"578,Pull,Agent yet religious traditional personal.,296.24,40,172"
"579,Else,Debate summer same situation production.,561.98,22,122"
"580,Maybe,Foot toward agent course.,337.37,52,110"
"581,Much,Adult success specific national TV.,951.36,85,87"
"582,Along,Area exactly from fall management hot state.,676.73,4,48"
"583,Effort,Under painting share government.,433.98,76,199"
"584,Least,Ago yeah name hair tend.,654.11,23,68"
"585,Dream,Company for factor realize improve wide you.,790.68,6,93"
"586,Personal,Travel hour will song necessary.,770.32,34,117"
"587,Mrs,Student focus different third reduce film situation.,234.28,25,2"
"588,Plant,Sister significant hundred arm attention.,970.35,79,56"
"589,Single,Turn word write fish.,764.07,30,69"
"590,Wait,Whole among reality well star hold.,539.54,24,19"
"591,Family,Against simple song way anyone close.,418.03,1,114"
"592,Guy,Statement according natural realize itself.,983.05,4,14"
"593,Imagine,Detail near production really sit agree.,996.5,31,7"
"594,Front,Happen TV yes evening teacher.,919.24,86,81"
"595,Citizen,Exactly attack occur former.,302.28,88,170"
"596,Enjoy,Eight true where television check expert board.,497.19,15,163"
"597,Record,Just spend eat significant among range out.,174.29,91,71"
"598,Could,Federal increase able generation high class.,595.33,65,194"
"599,Anyone,Record true those affect himself important.,306.89,46,120"
"600,Sell,Age push concern feeling nature seek think.,953.38,1,127"
"601,Almost,Care television century need media science.,763.43,19,103"
"602,I,His life action leg recent newspaper three.,108.43,43,15"
"603,Final,Send family manage president wear serious.,636.99,4,116"
"604,Five,Site between serve may find condition exist when.,987.33,11,191"
"605,Before,Expect soldier experience only but say relationship large.,481.41,26,121"
"606,Movement,Factor night today worry.,668.77,49,180"
"607,Notice,Yeah continue player result I.,297.48,48,133"
"608,Might,Less reason place last.,378.92,80,56"
"609,Base,Reality worry member political.,720.33,34,27"
"610,Now,Cold main loss realize event.,345.95,22,77"
"611,Stand,Kitchen fear inside prevent.,554.98,7,126"
"612,Water,Share discussion modern action for.,432.71,45,62"
"613,Wish,Writer article argue live.,781.86,95,72"
"614,Sing,Staff husband oil learn as.,460.18,25,33"
"615,Clearly,Something guy create kid.,142.66,69,154"
"616,Fish,Style bar important wife relationship.,302.37,64,188"
"617,Born,With body agreement feeling from not note population.,968.21,25,85"
"618,Right,Mouth choose practice bill prepare security indeed.,715.81,24,64"
"619,Race,Plan leader bar hit eight.,337.35,17,66"
"620,Rock,Tend security professional ready collection build black two.,47.21,21,181"
"621,Production,Dream nature event across feel create service.,962.74,19,68"
"622,Management,Green prepare top however region sound child.,688.76,1,151"
"623,But,Their research popular small worry personal her.,405.88,55,192"
"624,Onto,Send perform page imagine mission book.,308.38,24,96"
"625,How,Agreement attorney expert common for sea.,38.68,78,62"
"626,Perform,Pass couple pass present mission.,960.91,36,94"
"627,Quality,Career total theory nor unit education table day.,172.07,54,166"
"628,Position,Mission where boy sing power to.,847.74,64,24"
"629,Knowledge,Then story economy player.,346.09,76,156"
"630,Participant,Material cell those blood likely say.,843.34,19,116"
"631,Design,Direction poor order single call hear raise.,537.82,64,181"
"632,Shoulder,Hair this director bad lose far million course.,615.03,35,125"
"633,Writer,Might face nor many.,293.09,11,67"
"634,Staff,Base its machine talk food important hotel car.,118.52,8,62"
"635,Authority,Ability general modern range culture.,433.08,45,189"
"636,Capital,Blue add popular my.,455.9,14,8"
"637,Produce,Simply suffer skin either my represent represent.,386.45,41,68"
"638,Power,Floor fast return rise media court loss just.,40.0,81,57"
"639,Must,See the chance thus put expert occur.,74.25,99,179"
"640,Old,Product over budget hour every natural pull these.,366.82,83,62"
"641,Why,My contain black tend hard involve.,95.23,58,120"
"642,Probably,List painting board.,58.14,84,88"
"643,Spring,Local simply price responsibility when remember treatment way.,845.59,42,187"
"644,Receive,Practice television whatever understand.,518.79,86,103"
"645,Attack,Board service paper color their manager.,277.44,40,138"
"646,Enjoy,Whether air easy ball.,985.52,49,73"
"647,Record,Smile color protect clearly.,845.18,29,115"
"648,Vote,Information happy fine individual color.,713.95,40,92"
"649,Million,Local even make.,394.96,4,129"
"650,That,Seat ready goal deal dark.,251.22,73,168"
"651,Face,Age step almost cell hotel.,167.15,96,169"
"652,Pressure,Debate debate natural expert.,607.0,15,103"
"653,Their,View article involve garden study they simply.,489.88,32,36"
"654,Pass,Ball human before.,627.14,85,107"
"655,Realize,Way civil man everybody organization sure sound.,154.35,34,50"
"656,Down,Challenge approach piece compare seat west.,205.06,19,43"
"657,Off,Draw benefit level dinner month.,892.42,92,160"
"658,Play,Kitchen success new let century beautiful represent cost.,537.16,23,96"
"659,Affect,Paper serious sea and.,203.95,20,182"
"660,It,Society final true sell.,365.34,85,28"
"661,Newspaper,Write measure then let tell.,574.62,5,112"
"662,Customer,Involve late paper receive around write represent.,516.75,66,189"
"663,Home,Behind peace lead total will.,200.94,19,16"
"664,Tell,Garden care catch read senior scientist trouble.,953.26,43,28"
"665,School,Claim phone different allow imagine.,662.68,74,177"
"666,Need,Force address job easy board.,573.08,88,9"
"667,Range,Matter quite several reason usually picture oil understand.,581.16,76,63"
"668,Show,These attack dark cut coach contain foreign.,440.46,6,102"
"669,Painting,Between teacher many because from guy sing not.,822.52,25,4"
"670,Kitchen,Week marriage former education live mission.,842.16,65,152"
"671,Program,Plant leg box economic road show image.,707.74,71,106"
"672,Simply,Land speak my also.,449.95,63,100"
"673,Interview,National future structure who.,28.95,6,3"
"674,Her,Worry a thousand information.,631.12,11,95"
"675,Type,Share weight by off.,326.01,24,5"
"676,Help,Effect expect common bit focus individual Congress.,943.4,59,113"
"677,My,Side both star culture.,148.26,19,134"
"678,Wrong,Subject director society blue.,171.92,36,8"
"679,Develop,Civil message shoulder cause strategy practice.,721.83,58,156"
"680,Enjoy,After people base.,362.62,16,131"
"681,Fish,They beautiful memory ever guess.,545.26,36,133"
"682,Account,Agent together she price lead light cultural rest.,527.31,27,130"
"683,Black,Information sister Congress.,825.92,16,8"
"684,Compare,Security but Republican interesting realize law value.,361.81,1,88"
"685,Fill,Scientist full foot degree learn economic.,256.96,16,78"
"686,Nearly,Why how sing could condition.,657.65,26,170"
"687,At,Street race test again ability it ball.,600.0,96,84"
"688,Thus,General word letter just power early prevent.,234.4,41,87"
"689,Less,Blood a mind candidate.,758.94,66,144"
"690,Person,Conference reveal imagine.,536.68,66,112"
"691,Customer,Peace strategy away Mrs.,714.92,25,40"
"692,South,Seat relate coach from guy.,201.71,5,15"
"693,Professional,Guess surface create.,68.9,21,20"
"694,Benefit,Per his fear edge tend these do.,426.26,56,55"
"695,View,From still where positive support.,261.74,30,90"
"696,As,Young security morning lawyer herself agree your.,63.87,99,171"
"697,Lose,Scientist remember hundred yeah.,979.41,94,20"
"698,Become,Also window necessary significant thousand.,952.73,23,130"
"699,Firm,Between pattern choice recently.,877.24,72,100"
"700,Begin,Way beautiful push loss thing south.,329.96,58,137"
"701,Station,Office camera citizen agreement note group provide.,108.74,73,117"
"702,Whom,Thought likely eight develop no time.,133.62,20,146"
"703,Pick,Wonder somebody record skill whole others.,223.21,20,11"
"704,Floor,Store skin group even year station put.,420.73,36,95"
"705,Level,Now including continue race executive.,218.47,21,156"
"706,Then,Do born summer style manage policy not.,853.71,75,127"
"707,Almost,Crime commercial through toward really hope.,146.3,5,45"
"708,Place,Professor worker per heavy.,64.34,52,182"
"709,Visit,Red stop response court region however oil.,56.22,80,2"
"710,Successful,Standard standard both painting.,204.69,41,178"
"711,Maintain,Return become party.,926.6,2,22"
"712,Leg,Rate age population someone fear television.,489.02,87,149"
"713,Poor,Crime network realize notice care office technology.,287.71,28,143"
"714,Table,According matter successful quality business level case door.,989.55,16,142"
"715,Fear,Under case agree environmental wish.,449.95,69,62"
"716,Son,Marriage condition newspaper born paper.,788.26,46,173"
"717,Save,Human question much will deal let over.,271.32,16,81"
"718,Before,Short different six thank usually cover.,648.42,79,130"
"719,Easy,Offer beat old even fight fast.,441.12,74,123"
"720,Under,Under word against industry effect.,178.09,15,127"
"721,Tonight,Century among huge they value chance at.,323.2,64,11"
"722,Team,Born Congress add through end.,862.41,60,70"
"723,Party,Hour TV rich possible difficult.,136.88,98,147"
"724,Less,Rest hard girl require weight suggest.,248.64,48,68"
"725,Behind,Either customer claim away third this board.,146.49,93,1"
"726,Exist,Area keep wide security indicate effect.,634.49,100,26"
"727,Return,Lose account move.,452.88,68,64"
"728,Set,Ask idea well himself heart ready last.,138.89,35,190"
"729,Think,Argue certain him.,698.67,83,118"
"730,Reveal,Reach only page tonight exactly itself financial.,827.35,95,146"
"731,Leader,Discussion benefit chance anything.,966.55,65,100"
"732,Understand,Teach traditional sea business theory sure.,682.74,35,143"
"733,Young,One traditional character new political official.,481.94,87,128"
"734,Such,View through truth drive several enjoy.,955.61,76,63"
"735,Rather,Mission see see song kid news.,19.18,12,9"
"736,Piece,Nothing team southern physical board model seven.,126.88,19,137"
"737,Foreign,Mrs increase address policy cover real.,443.36,43,119"
"738,History,Something represent management can so media fact.,382.32,37,176"
"739,Outside,Already international option major.,534.6,14,171"
"740,It,Glass popular green compare spring.,309.19,51,100"
"741,Data,Since down boy memory prepare food blood democratic.,759.82,88,7"
"742,Public,Natural foot director edge this simply despite check.,764.93,64,5"
"743,Family,Might which actually meet identify.,295.44,30,176"
"744,Officer,Special fact know.,39.71,7,162"
"745,Election,Include maybe building phone task.,891.98,48,81"
"746,Wish,Herself theory science trade guess none behind traditional.,887.82,90,126"
"747,New,Above avoid realize.,447.13,64,86"
"748,Require,Word student memory western itself street order.,637.44,48,28"
"749,Floor,Source try writer boy.,312.15,7,152"
"750,Answer,Where someone charge during.,802.13,59,146"
"751,Gun,Share election rest then professional listen up.,595.29,50,48"
"752,Week,Many growth pull send sure.,698.19,71,31"
"753,Development,Bit the month best.,794.21,90,17"
"754,Serve,Behind high wide.,784.8,42,125"
"755,Whatever,Reality method process require trade.,171.39,87,105"
"756,Plan,Rest consumer spend most.,688.03,7,84"
"757,Science,Would minute single reality.,996.48,16,139"
"758,Long,Now boy house despite movement.,111.16,20,125"
"759,Forget,Write fund really its guy yes.,586.75,94,195"
"760,Time,Less trouble ground almost effect Democrat in.,984.06,23,9"
"761,Control,Something throw painting song.,645.65,79,155"
"762,Page,Hope fact participant near door simply tonight.,747.17,27,12"
"763,Look,Carry open listen form.,411.17,62,35"
"764,Owner,Store account benefit several company seven customer.,548.56,30,86"
"765,Same,Window mission heart.,566.91,11,74"
"766,Piece,Coach low like law industry end nearly.,506.44,87,140"
"767,Name,Room debate employee else.,938.23,62,122"
"768,Future,Leader fast occur natural foreign.,647.96,23,190"
"769,Question,Democrat education never sing.,431.55,81,41"
"770,Spring,Congress front there hit life.,393.19,75,85"
"771,Film,Organization owner make.,56.65,82,162"
"772,Hand,List build day tonight look take hour.,176.17,57,189"
"773,Somebody,Order media majority financial fish participant couple.,274.46,50,129"
"774,Feeling,Find available minute religious girl term.,611.03,28,4"
"775,Game,Subject bar dog response modern half stage.,699.0,16,170"
"776,Similar,Decision gun strong case opportunity.,296.88,83,136"
"777,Real,Rule data provide whole if.,502.82,60,34"
"778,Soldier,Practice majority put could former around.,235.49,57,85"
"779,Difference,Civil film teacher data behind building.,299.12,44,191"
"780,Business,Without hear enjoy.,855.48,92,16"
"781,Per,Science thank recent debate stuff pay treatment.,786.74,24,168"
"782,House,Around case would easy.,623.56,51,153"
"783,Call,Instead ever affect tax mouth history.,571.93,99,43"
"784,Within,Decide would position by watch book appear six.,689.28,86,170"
"785,Reach,Teach race challenge second.,10.99,83,44"
"786,Surface,Similar heart often capital pressure table.,256.67,53,1"
"787,Focus,Prevent happy speak member return last contain southern.,569.64,74,60"
"788,Range,Movement Mrs financial quality house yourself.,518.62,11,136"
"789,Dark,Reflect fast medical account Congress.,946.53,39,54"
"790,Future,Hard present sing society play before quality.,490.62,16,147"
"791,Public,Beat kind already suggest floor part decision worker.,249.12,79,176"
"792,Best,Him story goal whether behavior popular health.,426.19,84,71"
"793,Senior,Fire their too structure theory ahead must education.,488.07,5,102"
"794,Or,Free now director.,858.38,2,73"
"795,Before,Professor recently media.,520.12,14,41"
"796,Contain,Me listen exactly offer body either skin.,19.53,86,112"
"797,Benefit,On cause bar hope down fly.,804.28,49,89"
"798,Blood,One position hold foreign your.,483.72,34,90"
"799,Trial,Film significant community practice personal five leave.,220.69,23,184"
"800,Item,Certainly head kid travel national trial.,208.71,51,40"
"801,Next,Property subject success fire finally.,200.99,47,68"
"802,Realize,Reach dream interest knowledge.,472.31,40,69"
"803,Because,Article these else because true order.,219.98,94,114"
"804,Feel,Through million decade.,660.0,80,51"
"805,Impact,Give answer direction family husband understand safe.,221.09,99,194"
"806,Control,Six other face spend around.,659.64,98,166"
"807,Produce,Positive responsibility home thing score sea sport.,679.77,68,6"
"808,Statement,Organization the arrive within old left student.,160.24,37,1"
"809,Contain,Out body middle partner edge member.,101.31,85,29"
"810,Direction,In close letter price commercial grow around.,699.57,84,132"
"811,Ago,Physical couple test.,144.36,65,6"
"812,Within,Hear analysis capital sign hear benefit community.,314.47,85,142"
"813,Say,Along stock room interview any when.,532.06,7,168"
"814,Trade,Alone break stay study.,738.49,37,128"
"815,Quickly,None little common bill surface hard.,796.97,71,164"
"816,Low,Yard you hear fight.,235.61,89,67"
"817,Study,Create article also picture live issue.,109.35,33,14"
"818,Federal,Join yes talk.,195.22,61,172"
"819,Organization,Hundred prevent child report official large degree.,703.96,79,103"
"820,Star,Mention letter whose argue southern.,805.66,39,93"
"821,System,Like store seek threat big Republican.,146.03,98,196"
"822,Wish,Expect have institution well.,226.2,87,113"
"823,Not,Audience bring former personal.,770.06,93,88"
"824,Early,Election approach popular sign money total.,490.52,80,97"
"825,Politics,Similar green tax per difference tax live.,526.99,25,27"
"826,When,Management enjoy order either health remain far consumer.,490.58,36,60"
"827,Bit,Lawyer front assume.,424.06,48,98"
"828,Card,Say help commercial research cover other.,511.33,1,23"
"829,True,Fear police open institution bad itself area.,439.68,7,177"
"830,Similar,Dog born where oil source skill.,873.37,89,183"
"831,South,Son role before also air unit general.,155.56,76,185"
"832,Television,Property statement drug free morning onto benefit.,918.43,48,164"
"833,Worker,City thousand simple fish.,365.22,30,43"
"834,Sea,Suggest address western before education.,377.26,45,158"
"835,Type,Bank produce include building.,835.5,70,182"
"836,Attack,Book let reason necessary thing.,689.3,15,80"
"837,Until,Major effort different get score.,731.0,88,41"
"838,Record,Statement imagine sure pick miss.,33.64,52,147"
"839,Summer,Eye director himself wait smile.,994.17,77,108"
"840,Parent,The black office good shake.,566.49,1,147"
"841,Choose,Score war certain manage.,172.45,41,158"
"842,Wind,Occur sign option yet eight product.,100.43,55,118"
"843,Person,Air girl set action western society final.,683.31,51,198"
"844,Mouth,Another painting while to entire simply section.,278.71,99,67"
"845,Contain,Would man nation goal.,152.26,65,125"
"846,Agent,Important wife both animal.,932.25,24,61"
"847,One,Reveal a cause every board growth tonight southern.,705.35,96,195"
"848,Middle,Threat inside from a next less other.,206.87,6,183"
"849,Common,Drug that rate foreign beyond.,716.1,2,104"
"850,I,Seem number contain.,500.57,27,168"
"851,Approach,Age clearly American some really.,885.66,30,36"
"852,Certain,Mrs day identify per win avoid then.,325.42,98,30"
"853,Must,Read support though early former.,284.67,43,123"
"854,Hair,Person back if government.,569.23,1,114"
"855,Mouth,Nature idea place woman.,112.71,71,1"
"856,Federal,Meet line important build region.,305.36,9,165"
"857,Seek,Adult entire nature despite ten where spend.,337.37,79,116"
"858,So,Way year involve our movie.,617.75,39,132"
"859,Theory,Address part sense address.,708.66,37,195"
"860,Give,Ever market this.,59.07,56,178"
"861,Fly,Medical resource store natural.,948.6,84,41"
"862,Edge,Adult move discover whatever.,713.42,8,25"
"863,Fund,Arrive both girl majority point cover character.,970.28,29,122"
"864,Management,Must dark bar form.,511.86,83,103"
"865,Avoid,Development event national treatment Republican.,396.45,82,138"
"866,Mind,Local town doctor involve cup fill bar.,641.15,58,58"
"867,Let,Model people star point check leg specific include.,91.52,72,18"
"868,Degree,Soldier management behavior reality market receive pretty.,801.5,65,175"
"869,Prove,Matter affect kid.,336.14,3,4"
"870,Before,History position pattern mean section.,966.02,31,18"
"871,Half,Suddenly quite condition fill final cover.,452.95,83,35"
"872,Return,Consider focus dream mention.,84.95,24,151"
"873,Everyone,Bad seek government treatment course goal.,371.82,11,151"
"874,Evidence,Threat lead range try behavior.,380.22,31,161"
"875,Partner,Always must sometimes style or.,457.17,47,70"
"876,Security,Put site public shoulder itself skin.,219.42,5,103"
"877,Dream,Process similar add nature piece do.,47.66,98,163"
"878,Center,Crime movement pass according.,58.22,62,53"
"879,Statement,Poor skill for man.,922.94,74,32"
"880,Impact,Easy price wall crime ok.,12.21,87,4"
"881,Recognize,Issue condition floor size nation.,638.03,29,122"
"882,Fly,Mouth sound hold former cost behind hundred.,988.89,32,103"
"883,Guy,Big hot course turn race industry offer herself.,775.84,78,163"
"884,Do,South simple hear investment community truth her.,843.25,7,164"
"885,This,Mouth certain real more answer until card.,778.77,16,66"
"886,Eight,Nice worry do book community those.,540.55,55,10"
"887,Issue,Analysis explain house.,829.85,6,87"
"888,Establish,Situation practice matter weight Democrat.,130.69,52,2"
"889,Single,To shoulder church hold charge total.,132.65,55,59"
"890,Large,Better since might find culture career before.,844.29,11,52"
"891,Animal,With run site allow.,335.01,28,84"
"892,Personal,Pay respond appear.,828.83,65,99"
"893,Get,Future occur program travel rule important.,425.01,67,147"
"894,Ball,Agreement hear use.,993.66,20,196"
"895,Meet,Commercial professional hot chance author involve.,33.27,37,122"
"896,No,War six away.,365.23,70,146"
"897,Development,Traditional anything ability.,304.36,95,53"
"898,Finally,Wife thousand pressure especially.,11.6,76,147"
"899,Check,Probably record family.,297.87,3,20"
"900,Necessary,Difference or perform address somebody others.,339.8,68,97"
"901,Law,Energy or ok.,687.3,6,81"
"902,Region,Your visit police high interesting.,729.43,96,133"
"903,Race,Where personal class meet miss these.,676.04,95,163"
"904,Degree,Despite fine go receive.,672.21,52,148"
"905,Key,Live consider commercial worker finish available instead.,829.35,67,148"
"906,Hand,Blue woman animal significant cold choice sing push.,173.46,25,58"
"907,Serve,Attack company anyone start Democrat before even.,663.46,62,112"
"908,Throughout,Watch make run per race wear.,567.94,17,74"
"909,Home,Wife Mrs plan move store certain financial understand.,389.39,52,199"
"910,Phone,Paper official character scene explain effect give.,405.53,79,11"
"911,Tonight,Soon important alone race bank.,286.59,96,120"
"912,Next,Example film nice successful.,100.9,84,33"
"913,Any,Still huge choose.,766.44,68,157"
"914,Difficult,Bill long store least.,305.97,40,164"
"915,Represent,Everything stuff continue less number usually.,286.46,69,78"
"916,Information,Material involve require data follow.,508.27,17,129"
"917,Seat,Clearly although name you ahead arrive.,26.3,4,134"
"918,Strong,Including spring clearly boy respond.,191.58,46,120"
"919,While,Customer surface energy small increase outside fire kind.,631.51,83,7"
"920,Street,Subject her include remain professional sometimes impact feeling.,234.66,87,82"
"921,Really,Certainly too order thousand friend certainly truth industry.,114.15,97,83"
"922,Just,Anything court office approach morning let management.,15.12,38,25"
"923,Top,Happen lose game anything.,487.66,11,198"
"924,Pass,Throughout hot war size ahead building author.,854.52,32,148"
"925,Away,Until decade security firm treat sister garden.,44.61,77,128"
"926,Would,Since young card.,424.23,62,114"
"927,Answer,May series perhaps yard election important possible.,428.86,44,49"
"928,Worry,Discuss enough board section last add sure.,229.13,86,29"
"929,Box,Wind technology church there simply one sound.,305.25,87,148"
"930,Science,Measure family anyone situation sign wear country.,959.39,91,23"
"931,Every,Report month agree do.,775.1,47,99"
"932,Participant,Serve yourself indicate ahead care member soldier.,642.7,88,25"
"933,Pull,Brother none age nice consumer charge.,761.28,51,77"
"934,Seem,Admit central explain describe then.,600.64,75,126"
"935,Let,Theory hear sister before adult.,85.28,8,70"
"936,Contain,Dark help feel nature share indicate range.,486.23,72,180"
"937,Fill,Business bar toward.,659.16,40,49"
"938,Guy,Past by even final hear police.,641.89,72,156"
"939,Trouble,Campaign matter find idea environmental.,865.38,57,172"
"940,Walk,Statement behind sport politics.,956.46,80,148"
"941,Night,Three protect question school late.,711.59,45,108"
"942,Even,Thus see interview consider.,275.32,70,142"
"943,Could,Smile east thousand small face camera moment.,706.08,32,9"
"944,Government,Understand large window fish whose source federal truth.,544.56,26,49"
"945,Just,Cold present mention third might.,502.57,33,98"
"946,Already,Voice firm particularly form.,791.18,55,82"
"947,Outside,Term sit politics leave.,616.34,28,128"
"948,Lead,Whatever wall show agree million world hard.,928.22,67,8"
"949,Although,Effort floor around wear address cost agency.,222.64,51,106"
"950,Find,Thus water however staff.,541.86,52,155"
"951,Choice,First concern bar these purpose hotel.,241.44,44,124"
"952,Son,Consider cost ten expert worker.,396.08,99,22"
"953,Town,Put imagine week.,608.88,50,77"
"954,Truth,Memory call others necessary nothing begin number.,12.05,12,159"
"955,General,Clear sort first final easy.,113.92,19,90"
"956,Hope,Of top test accept.,42.73,36,74"
"957,Rock,There develop choice area notice several factor political.,796.23,47,114"
"958,Ok,Will cover land member.,260.4,60,50"
"959,Student,Event outside writer sing or.,367.13,93,159"
"960,Affect,Way there room lead indicate avoid military.,998.31,34,35"
"961,Board,Star light cost.,844.77,91,36"
"962,Enough,Together window note within feeling walk add.,390.4,8,42"
"963,Beyond,Order no ask ask top should skin.,987.58,57,85"
"964,Worker,Me building various my skill drug.,234.4,52,108"
"965,Individual,Meeting worker second despite there.,204.37,39,143"
"966,Experience,Today car heart challenge home.,423.25,53,88"
"967,Read,Oil mind leave hard order.,618.52,32,115"
"968,Wrong,Economy nearly history performance represent key imagine.,72.89,10,62"
"969,Our,Ten surface change particular.,157.24,44,101"
"970,At,Tv recent health serve lose space change.,741.68,83,29"
"971,Skill,Wife court movement those.,104.08,15,118"
"972,Radio,Pm them itself friend strategy.,432.07,1,104"
"973,Little,Hope open American current statement.,464.59,90,112"
"974,Watch,Campaign report former suffer money.,462.45,13,88"
"975,Determine,A happen ground probably.,886.12,57,11"
"976,Body,Need exactly discussion amount mouth think green.,760.5,68,26"
"977,Ago,Guy level different mouth strategy.,762.15,78,33"
"978,Collection,Book participant form together situation.,339.75,55,132"
"979,Series,Home child common rock stop.,292.43,94,1"
"980,Former,Commercial movement maybe month step.,431.38,92,24"
"981,Add,Control history leg.,200.51,55,127"
"982,Follow,About difficult exactly brother science choice out.,747.64,70,57"
"983,Measure,Hear recent since none week heavy argue hope.,48.92,57,38"
"984,Pay,Edge later different account.,796.87,38,73"
"985,Foreign,Community task remain could.,485.28,43,94"
"986,Time,Partner book standard others establish.,929.19,61,50"
"987,Risk,Business detail star trade hear.,802.78,52,184"
"988,Car,Herself wife training interview company wife meet his.,349.33,97,126"
"989,Price,Position environment sign certainly body chance part term.,370.3,21,124"
"990,Old,Care him employee rule.,828.05,25,103"
"991,With,East which think gun write forget man almost.,187.44,51,116"
"992,National,Commercial recently war walk best eight.,322.85,80,108"
"993,Network,Music behavior herself chance.,880.3,32,107"
"994,Dog,Agent movie store type our that religious only.,404.85,18,62"
"995,Officer,Avoid create seven something until.,30.78,2,64"
"996,Store,Thousand strategy one try woman create.,553.22,17,107"
"997,Cold,Tough trip guy owner friend could lead.,551.9,61,87"
"998,Choice,Environment treatment floor staff.,316.88,39,67"
"999,Data,Sea school forget ability every condition.,759.13,12,120"
"1000,Star,Risk hot fine.,372.59,18,197"
